[
  {
    "imdbID": "tt4052886",
    "title": "Lucifer",
    "popularRank": 1,
    "certificate": "{'Australia': 'MA15+', 'Brazil': '16', 'Canada': '13+', 'France': '10', 'Germany': '16', 'India': '15', 'Indonesia': '16+', 'Italy': 'BA', 'Japan': 'R15+', 'Mexico': 'TV-14', 'Netherlands': '16', 'New Zealand': 'M', 'Philippines': '16+', 'Poland': '16', 'Russia': '16+', 'Singapore': 'PG13', 'South Korea': '18', 'Spain': '12', 'Sweden': '13', 'Turkey': '16+', 'United Kingdom': '15', 'United States': 'TV-14', 'United Arab Emirates': '16+', 'Vietnam': 'C16'}",
    "startYear": 2016,
    "endYear": 2021,
    "episodes": 93,
    "runtime": 42,
    "type": "series",
    "originCountry": "United States",
    "language": "English",
    "summary": "Lucifer Morningstar, bored from his sulking life in hell, comes to live in Los Angeles. While there, he helps humanity with its miseries through his experience and telepathic abilities to bring people's deepest desires and thoughts out of them. While meeting with a Detective in his nightclub (Lux), a shootout involving him and the Detective leads him to become an LAPD consultant who tries to punish people for their crimes through law and justice. —ahmetkozan",
    "rating": 8.1,
    "numVotes": 250884,
    "genres": "['Crime', 'Drama', 'Fantasy']",
    "cast": "['Tom Ellis', 'Lauren German', 'Lesley-Ann Brandt', 'Kevin Alejandro', 'D.B. Woodside', 'Rachael Harris', 'Scarlett Estevez', 'Aimee Garcia', 'Tricia Helfer', 'Tom Welling', 'Inbar Lavi', 'Kevin Rankin', 'Graham McTavish', 'Dennis Haysbert', 'Genevieve Gauss', 'John Specogna', 'Jeremiah Birkett', 'Cailan Robinson']",
    "imageURL": "https://m.media-amazon.com/images/M/MV5BNzY1YjIxOGMtOTAyZC00YTcyLWFhMzQtZTJkYTljYzU0MGRlXkEyXkFqcGdeQXVyMTAwMzM3NDI3._V1_FMjpg_UX1000_.jpg"
  },
  {
    "imdbID": "tt1520211",
    "title": "The Walking Dead",
    "popularRank": 12,
    "certificate": "{'Argentina': '18', 'Australia': 'R18+', 'Brazil': '18', 'Canada': '13+', 'Czechia': '15', 'Denmark': '15', 'Finland': 'K-16', 'France': '16', 'Germany': '12', 'Hong Kong': 'IIB', 'India': '18+', 'Indonesia': '20+', 'Ireland': '15', 'Italy': 'VM14', 'Japan': 'R18+', 'Mexico': 'B15', 'Netherlands': '16', 'New Zealand': 'R18', 'Norway': '15', 'Philippines': 'SPG', 'Poland': '18', 'Portugal': '16', 'Russia': '18+', 'Singapore': 'PG13', 'South Korea': '18', 'Spain': '18', 'Sweden': '15', 'Turkey': '18+', 'United Kingdom': '18', 'United States': 'TV-MA', 'Ukraine': '18'}",
    "startYear": 2010,
    "endYear": 2022,
    "episodes": 177,
    "runtime": 44,
    "type": "series",
    "originCountry": "United States",
    "language": "English",
    "summary": "Sheriff Deputy Rick Grimes gets shot and falls into a coma. When awoken he finds himself in a Zombie Apocalypse. Not knowing what to do he sets out to find his family, after he's done that, he gets connected to a group to become the leader. He takes charge and tries to help this group of people survive, find a place to live and get them food. This show is all about survival, the risks and the things you'll have to do to survive. —jzirkle1",
    "rating": 8.2,
    "numVotes": 873752,
    "genres": "['Drama', 'Horror', 'Thriller']",
    "cast": "['Andrew Lincoln', 'Norman Reedus', 'Melissa McBride', 'Lauren Cohan', 'Josh McDermitt', 'Christian Serratos', 'Danai Gurira', 'Seth Gilliam', 'Ross Marquand', 'Chandler Riggs', 'Jeffrey Dean Morgan', 'Alanna Masterson', 'Steven Yeun', 'Khary Payton', 'Cooper Andrews', 'Sonequa Martin-Green', 'Callan McAuliffe', 'Eleanor Matsuura']",
    "imageURL": "https://m.media-amazon.com/images/M/MV5BMTc5ZmM0OTQtNDY4MS00ZjMyLTgwYzgtOGY0Y2VlMWFmNDU0XkEyXkFqcGdeQXVyNDIzMzcwNjc@._V1_FMjpg_UX1000_.jpg"
  },
  {
    "imdbID": "tt0413573",
    "title": "Grey's Anatomy",
    "popularRank": 7,
    "certificate": "{'Argentina': '13', 'Australia': 'M', 'Brazil': '14', 'Canada': 'G', 'France': '10', 'Germany': '6', 'Hong Kong': 'IIB', 'Hungary': '16', 'India': '15+', 'Indonesia': '20+', 'Ireland': '15', 'Italy': 'BA', 'Japan': 'PG12', 'Malaysia': 'U', 'Mexico': 'B-15', 'Netherlands': '12', 'Norway': '12', 'Philippines': '18+', 'Poland': '12', 'Portugal': '12AP', 'Russia': '16+', 'Singapore': 'NC-16', 'Slovakia': '12', 'South Korea': 'Youth not allowed', 'Spain': '13', 'Sweden': '11', 'Turkey': '16+', 'United Kingdom': '15', 'United States': 'TV-MA', 'United Arab Emirates': 'PG-15'}",
    "startYear": 2005,
    "endYear": "",
    "episodes": 381,
    "runtime": 41,
    "type": "series",
    "originCountry": "United States",
    "language": "English",
    "summary": "A medical based drama centered around Meredith Grey, an aspiring surgeon and daughter of one of the best surgeons, Dr. Ellis Grey. Throughout the series, Meredith goes through professional and personal challenges along with fellow surgeons at Seattle Grace Hospital.",
    "rating": 7.5,
    "numVotes": 260703,
    "genres": "['Drama', 'Romance']",
    "cast": "['Ellen Pompeo', 'Chandra Wilson', 'James Pickens Jr.', 'Justin Chambers', 'Kevin McKidd', 'Jesse Williams', 'Bokhee An', 'Patrick Dempsey', 'Sara Ramirez', 'Jessica Capshaw', 'Sandra Oh', 'Camilla Luddington', 'Sarah Drew', 'Caterina Scorsone', 'Kelly McCreary', 'Eric Dane', 'Jason George', 'Giacomo Gianniotti']",
    "imageURL": "https://m.media-amazon.com/images/M/MV5BMjgwNGNkZGYtMWQyYS00YjEzLWFmZTctODUzYWMxOWJkNTAzXkEyXkFqcGdeQXVyMTkxNjUyNQ@@._V1_FMjpg_UX1000_.jpg"
  },
  {
    "imdbID": "tt6468322",
    "title": "La casa de papel",
    "popularRank": 26,
    "certificate": "{'Argentina': '16', 'Australia': 'MA15+', 'Brazil': '16', 'Canada': 'TV-MA', 'France': '16', 'Germany': '16', 'India': '16+', 'Indonesia': '18+', 'Italy': 'VM14', 'Japan': 'R18+', 'Mexico': 'TV-MA', 'Netherlands': '16', 'Norway': '16', 'Philippines': '18+', 'Poland': '16', 'Singapore': 'M18', 'South Korea': '18', 'Spain': '16', 'Sweden': '16+', 'Turkey': '15+', 'United Kingdom': '18', 'United States': 'TV-MA', 'United Arab Emirates': '18+', 'Vietnam': 'C18'}",
    "startYear": 2017,
    "endYear": 2021,
    "episodes": 41,
    "runtime": 70,
    "type": "series",
    "originCountry": "Spain",
    "language": "Spanish",
    "summary": "An unusual group of robbers attempt to carry out the most perfect robbery in Spanish history - stealing 2.4 billion euros from the Royal Mint of Spain.",
    "rating": 8.3,
    "numVotes": 329651,
    "genres": "['Action', 'Crime', 'Mystery']",
    "cast": "['Úrsula Corberó', 'Álvaro Morte', 'Itziar Ituño', 'Pedro Alonso', 'Miguel Herrán', 'Jaime Lorente', 'Esther Acebo', 'Enrique Arce', 'Darko Peric', 'Alba Flores', 'Fernando Soto', 'Mario de la Rosa', 'Juan Fernández', 'Rocco Narva', 'Paco Tous', 'Kiti Mánver', 'Hovik Keuchkerian', 'Rodrigo De la Serna']",
    "imageURL": "https://m.media-amazon.com/images/M/MV5BZDcxOGI0MDYtNTc5NS00NDUzLWFkOTItNDIxZjI0OTllNTljXkEyXkFqcGdeQXVyMTMxODk2OTU@._V1_FMjpg_UX1000_.jpg"
  },
  {
    "imdbID": "tt1442437",
    "title": "Modern Family",
    "popularRank": 32,
    "certificate": "{'Argentina': '13', 'Australia': 'M', 'Brazil': '10', 'Canada': 'PG', 'Finland': 'K-12', 'France': 'Tous publics', 'Germany': '6', 'Greece': 'K-8', 'India': '12+', 'Indonesia': '20+', 'Ireland': 'G', 'Italy': 'T', 'Japan': 'G', 'Mexico': 'B-15', 'Netherlands': '6', 'New Zealand': 'M', 'Norway': '12', 'Philippines': '13+', 'Poland': '13', 'Portugal': '12AP', 'Russia': '16+', 'Singapore': 'R21', '(Netflix': ' series level)', 'South Africa': '7-9', 'South Korea': '15', 'Spain': '13', 'Sweden': '13+', 'Turkey': '13+', 'United Kingdom': 'U', 'United States': 'TV-PG', 'United Arab Emirates': '13+'}",
    "startYear": 2009,
    "endYear": 2020,
    "episodes": 250,
    "runtime": 22,
    "type": "series",
    "originCountry": "United States",
    "language": "English",
    "summary": "Told from the perspective of an unseen documentary filmmaker, the series offers an honest, often-hilarious perspective of family life. Parents Phil and Claire yearn for an honest, open relationship with their three kids, but a daughter who is trying to grow up too fast, another who is too smart for her own good, and a rambunctious young son make it challenging. Claire's dad Jay and his Latina wife Gloria are raising two sons together, but people sometimes believe Jay to be Gloria's father. Jay's gay son Mitchell and his partner Cameron have adopted a little Asian girl, completing one big -- straight, gay, multicultural, traditional -- happy family. —Jwelch5742",
    "rating": 8.4,
    "numVotes": 370388,
    "genres": "['Comedy', 'Drama', 'Romance']",
    "cast": "[\"Ed O'Neill\", 'Sofía Vergara', 'Julie Bowen', 'Ty Burrell', 'Jesse Tyler Ferguson', 'Eric Stonestreet', 'Rico Rodriguez', 'Nolan Gould', 'Sarah Hyland', 'Ariel Winter', 'Aubrey Anderson-Emmons', 'Jeremy Maguire', 'Reid Ewing', 'Beatrice the Dog', 'Pierce Wallace', 'Adam Devine', 'Fred Willard', 'Dana Powell']",
    "imageURL": "https://m.media-amazon.com/images/M/MV5BNzRhNWIxYTEtYjc2NS00YWFlLWFhOGEtMDZiMWM1M2RkNDkyXkEyXkFqcGdeQXVyNjc0MjkzNjc@._V1_FMjpg_UX1000_.jpg"
  },
  {
    "imdbID": "tt5753856",
    "title": "Dark",
    "popularRank": 72,
    "certificate": "{'Argentina': '16', 'Australia': 'MA15+', 'Brazil': '16', 'Canada': 'TV-MA', 'Chile': '16+', 'France': '16', 'Germany': '16', 'Iceland': '15', 'India': '16+', 'Indonesia': '18+', 'Italy': 'VM14', 'Japan': 'R18+', 'Mexico': 'TV-MA', 'Netherlands': '16', 'Norway': '16', 'Philippines': '18+', 'Poland': '16', 'Russia': '18+', 'Singapore': 'M18', 'South Korea': '18', 'Spain': '16', 'Sweden': '16+', 'Turkey': '18+', 'United Kingdom': '15', 'United States': 'TV-MA', 'United Arab Emirates': '18+', 'Vietnam': 'C18'}",
    "startYear": 2017,
    "endYear": 2020,
    "episodes": 26,
    "runtime": 60,
    "type": "series",
    "originCountry": "Germany",
    "language": "German",
    "summary": "The first German production from the world's leading Internet TV Network is set in a German town in present day where the disappearance of two young children exposes the double lives and fractured relationships among four families. In ten hour-long episodes, the story takes on a surprising twist that ties back to the same town in 1986. —Wiedemann & Berg Television",
    "rating": 8.8,
    "numVotes": 304265,
    "genres": "['Crime', 'Drama', 'Mystery']",
    "cast": "['Louis Hofmann', 'Karoline Eichhorn', 'Lisa Vicari', 'Maja Schöne', 'Stephan Kampwirth', 'Jördis Triebel', 'Andreas Pietschmann', 'Paul Lux', 'Moritz Jahn', 'Christian Hutcherson', 'Oliver Masucci', 'Peter Benedict', 'Gina Stiebitz', 'Deborah Kaufmann', 'Daan Lennard Liebrenz', 'Julika Jenkins', 'Carlotta von Falkenhayn', 'Tamar Pelzig']",
    "imageURL": "https://m.media-amazon.com/images/M/MV5BOTk2NzUyOTctZDdlMS00MDJlLTgzNTEtNzQzYjFhNjA0YjBjXkEyXkFqcGdeQXVyMjg1NDcxNDE@._V1_FMjpg_UX1000_.jpg"
  },
  {
    "imdbID": "tt0455275",
    "title": "Prison Break",
    "popularRank": 76,
    "certificate": "{'Argentina': '13', 'Australia': 'MA15+', 'Brazil': '16', 'Canada': '13+', 'Denmark': '15', 'Finland': 'K-15', 'France': 'Tous publics', 'Germany': '16', 'Hungary': '16', 'India': 'UA', 'Indonesia': '16+', 'Ireland': '18', 'Italy': 'VM12', 'Japan': 'PG12', 'Malaysia': '18PL', 'Mexico': 'B15', 'Netherlands': '12', 'New Zealand': 'R16', 'Norway': '12', 'Philippines': '16+', 'Poland': '16', 'Russia': '16+', 'Singapore': 'PG13', 'South Africa': '13', 'South Korea': '15', 'Spain': '16', 'Sweden': '15', 'Turkey': '16+', 'United Kingdom': '15', 'United States': 'TV-14', 'United Arab Emirates': '16+'}",
    "startYear": 2005,
    "endYear": 2017,
    "episodes": 90,
    "runtime": 44,
    "type": "series",
    "originCountry": "United Kingdom",
    "language": "English",
    "summary": "An innocent man is framed for the homicide of the Vice President's brother and scheduled to be executed at a super-max penitentiary, thus it's up to his younger brother to save him with his genius scheme: install himself in the same prison by holding up a bank and, as the final month ticks away, launch the escape plan step-by-step to break the both of them out, with his full-body tattoo acting as his guide; a tattoo which hides the layout of the prison facility and necessary clues vital to the escape. —filipfilipovich@hotmail.com",
    "rating": 8.3,
    "numVotes": 487161,
    "genres": "['Action', 'Crime', 'Drama']",
    "cast": "['Dominic Purcell', 'Wentworth Miller', 'Amaury Nolasco', 'Robert Knepper', 'Sarah Wayne Callies', 'Wade Williams', 'William Fichtner', 'Paul Adelstein', 'Rockmond Dunbar', \"Jodi Lyn O'Keefe\", 'Leon Russom', 'Marshall Allman', 'Robin Tunney', 'Stacy Keach', 'Michael Rapaport', 'Peter Stormare', 'Phillip Edward Van Lear', 'Muse Watson']",
    "imageURL": "https://m.media-amazon.com/images/M/MV5BMTg3NTkwNzAxOF5BMl5BanBnXkFtZTcwMjM1NjI5MQ@@._V1_FMjpg_UX1000_.jpg"
  },
  {
    "imdbID": "tt0086765",
    "title": "Murder, She Wrote",
    "popularRank": 147,
    "certificate": "{'Argentina': '13', 'Australia': 'M', 'Canada': '14A', 'Denmark': '15', 'Finland': 'K-18', 'France': 'Tous publics', 'Germany': '12', 'Italy': 'T', 'Japan': 'G', 'New Zealand': 'M', 'Norway': '7', 'Singapore': 'NC-16', 'Spain': '7', 'Sweden': '15', 'Turkey': '7+', 'United Kingdom': 'PG', 'United States': 'TV-PG'}",
    "startYear": 1984,
    "endYear": 1996,
    "episodes": 264,
    "runtime": 50,
    "type": "series",
    "originCountry": "United States",
    "language": "English",
    "summary": "Former high school English teacher and famed mystery writer Jessica Fletcher (Dame Angela Lansbury) has a gift for solving mysteries. You see, it seems murder follows her around, whether it be to the houses of her seemingly endless number of friends, nieces, and nephews, or right in her hometown of Cabot Cove, Maine. Jessica is sometimes assisted by her friend Dr. Seth Hazlitt (William Windom) or the local Sheriff, Amos Tupper (Tom Bosley) and Tupper's successor, Mort Metzger (Ron Masak), a former New York City cop. Sometimes, later in the series, Jessica would only serve as narrator. In later seasons, Jessica moved to Manhattan to teach criminology at Manhattan University. —Mike Hatchett <hatchetts13@webtv.net>",
    "rating": 7,
    "numVotes": 19653,
    "genres": "['Crime', 'Drama', 'Mystery']",
    "cast": "['Angela Lansbury', 'William Windom', 'Ron Masak', 'Louis Herthum', 'Tom Bosley', 'Will Nye', 'Michael Horton', 'Ken Swofford', 'Julie Adams', 'Herb Edelman', 'Keith Michell', 'Bradford Dillman', 'Richard Paul', 'Len Cariou', 'Gregg Henry', 'James Sloyan', 'Rosanna Huffman', 'Hallie Todd']",
    "imageURL": "https://m.media-amazon.com/images/M/MV5BOWQ1YjAyNzItYzkzYS00MDFlLTlmNWYtYjYyZWU1YjdiZDMzXkEyXkFqcGdeQXVyMTYzMDM0NTU@._V1_FMjpg_UX1000_.jpg"
  },
  {
    "imdbID": "tt7984766",
    "title": "The King",
    "popularRank": 259,
    "certificate": "{'Australia': 'MA15+', 'Brazil': '18', 'Canada': '13+', 'France': '16', 'Germany': '16', 'India': '18', 'Indonesia': '18+', 'Ireland': '15A', 'Italy': 'VM14', 'Japan': 'R15+', 'Mexico': 'R', 'Netherlands': '16', 'New Zealand': 'R13', 'Poland': '16', 'Singapore': 'M18', 'South Korea': '18', 'Spain': '16', 'Turkey': '15+', 'United Kingdom': '15', 'United States': 'R', 'United Arab Emirates': '18+', 'Vietnam': 'C18'}",
    "startYear": 2019,
    "endYear": "",
    "episodes": "",
    "runtime": 140,
    "type": "movie",
    "originCountry": "United Kingdom",
    "language": "English",
    "summary": "Hal (Timothée Chalamet), wayward prince and reluctant heir to the English throne, has turned his back on royal life and is living among the people. But when his tyrannical father dies, Hal is crowned King Henry V and is forced to embrace the life he had previously tried to escape. Now the young king must navigate the palace politics, chaos and war his father left behind, and the emotional strings of his past life - including his relationship with his closest friend and mentor, the aging alcoholic knight, John Falstaff (Joel Edgerton). —Netflix",
    "rating": 7.2,
    "numVotes": 95469,
    "genres": "['Biography', 'Drama', 'History']",
    "cast": "['Tom Glynn-Carney', 'Gábor Czap', 'Tom Fisher', 'Edward Ashley', 'Steven Elder', 'Stephen Fewell', 'Sean Harris', 'Ivan Kaye', 'Tom Lawrence', 'Ben Mendelsohn', 'Timothée Chalamet', 'Joel Edgerton', 'Josef Davies', 'Roderick Hill', 'Niké Kurta', 'Andrew Havill', 'Dean-Charles Chapman', 'Nick Wittman']",
    "imageURL": "https://m.media-amazon.com/images/M/MV5BMWZkNzNlMzMtMjM5ZS00MWYzLWFmMmUtMjE1ODM3NjBlODA5XkEyXkFqcGdeQXVyMTMxODk2OTU@._V1_FMjpg_UX1000_.jpg"
  },
  {
    "imdbID": "tt0097165",
    "title": "Dead Poets Society",
    "popularRank": 319,
    "certificate": "{'Argentina': 'Atp', 'Australia': 'PG', 'Brazil': '12', 'Canada': 'G', 'Finland': 'S', 'France': 'Tous publics', 'Iceland': 'L', 'India': 'U', 'Ireland': 'PG', 'Italy': 'T', 'Japan': 'PG12', 'Malaysia': 'U', 'Mexico': 'B', 'Netherlands': 'AL', 'New Zealand': 'PG', 'Norway': '10', 'Peru': '14', 'Poland': '0', 'Portugal': 'M/12', 'Russia': '6+', 'Singapore': 'PG13', 'South Africa': 'PG', 'South Korea': '18', 'Spain': '13', 'Sweden': '11', 'Turkey': 'G', 'United Kingdom': 'PG', 'United States': 'PG', 'West Germany': '12'}",
    "startYear": 1989,
    "endYear": "",
    "episodes": "",
    "runtime": 128,
    "type": "movie",
    "originCountry": "United States",
    "language": "English",
    "summary": "Painfully shy Todd Anderson has been sent to the school where his popular older brother was valedictorian. His roommate, Neil Perry, although exceedingly bright and popular, is very much under the thumb of his overbearing father. The two, along with their other friends, meet Professor Keating, their new English teacher, who tells them of the Dead Poets Society, and encourages them to go against the status quo. Each does so in his own way, and is changed for life. —Liz Jordan <c9310494@alinga.newcastle.edu.au>",
    "rating": 8.1,
    "numVotes": 438644,
    "genres": "['Comedy', 'Drama']",
    "cast": "['Robin Williams', 'Robert Sean Leonard', 'Ethan Hawke', 'Josh Charles', 'Gale Hansen', 'Dylan Kussman', 'Allelon Ruggiero', 'James Waterston', 'Norman Lloyd', 'Kurtwood Smith', 'Carla Belver', 'Leon Pownall', 'George Martin', 'Joe Aufiery', 'Matt Carey', 'Kevin Cooney', 'Jane Moore', 'Lara Flynn Boyle']",
    "imageURL": "https://m.media-amazon.com/images/M/MV5BOGYwYWNjMzgtNGU4ZC00NWQ2LWEwZjUtMzE1Zjc3NjY3YTU1XkEyXkFqcGdeQXVyMTQxNzMzNDI@._V1_FMjpg_UX1000_.jpg"
  },
  {
    "imdbID": "tt2235695",
    "title": "Rebecca",
    "popularRank": 361,
    "certificate": "{'Argentina': '13', 'Australia': 'M', 'Brazil': '14', 'Canada': 'PG-13', 'France': '13', 'Germany': '12', 'India': '18', 'Italy': 'VM14', 'Japan': 'PG12', 'Mexico': 'PG-13', 'Netherlands': '12', 'Poland': '13', 'Singapore': 'PG13', 'South Korea': '15', 'Spain': '12', 'Turkey': '18+', 'United Kingdom': '12A', 'United States': 'PG-13'}",
    "startYear": 2020,
    "endYear": "",
    "episodes": "",
    "runtime": 123,
    "type": "movie",
    "originCountry": "United Kingdom",
    "language": "English",
    "summary": "After a whirlwind romance in Monte Carlo with handsome widower Maxim de Winter (Armie Hammer), a newly married young woman (Lily James) arrives at Manderley, her new husband's imposing family estate on a windswept English coast. Naive and inexperienced, she begins to settle into the trappings of her new life, but finds herself battling the shadow of Maxim's first wife, the elegant and urbane Rebecca, whose haunting legacy is kept alive by Manderley's sinister housekeeper Mrs. Danvers (Kristin Scott Thomas). —Netflix",
    "rating": 6,
    "numVotes": 34569,
    "genres": "['Drama', 'Mystery', 'Romance']",
    "cast": "['Lily James', 'Armie Hammer', 'Kristin Scott Thomas', 'Keeley Hawes', 'Jacques Bouanich', 'Marie Collins', 'Ann Dowd', 'Jean Dell', 'Sophie Payan', 'Pippa Winslow', 'Lucy Russell', 'Bruno Paviot', 'Stefo Linard', 'Tom Hudson', 'Jeff Rawle', 'Ashleigh Reynolds', 'Bryony Miller', 'Tom Goodman-Hill']",
    "imageURL": "https://m.media-amazon.com/images/M/MV5BYzgzNGFkNDItZTJkZC00NzJkLTk2OWMtNzliM2I5YzQxYjkxXkEyXkFqcGdeQXVyMTkxNjUyNQ@@._V1_FMjpg_UX1000_.jpg"
  },
  {
    "imdbID": "tt0168366",
    "title": "Poketto monsutâ",
    "popularRank": 494,
    "certificate": "{'Argentina': 'Atp', 'Australia': 'PG', 'Brazil': '10', 'Canada': 'G', 'Chile': 'I7', 'France': '7', 'Germany': '6', 'Hungary': 'KN', 'Iceland': 'L', 'India': 'U', 'Indonesia': 'A', 'Italy': 'T', 'Japan': 'G', 'Mexico': 'AA', 'Mongolia': 'PG', 'Netherlands': '6', 'New Zealand': 'PG', 'Norway': '7', 'Russia': '12+', 'Saudi Arabia': '(Banned)', 'Singapore': 'PG', 'South Korea': '7', 'Spain': 'TP', 'Turkey': 'G', 'United Kingdom': 'U', 'United States': 'TV-Y'}",
    "startYear": 1997,
    "endYear": "",
    "episodes": 1164,
    "runtime": 24,
    "type": "series",
    "originCountry": "Japan",
    "language": "Japanese",
    "summary": "Ten-year-old Ash aspires to be the greatest Pokémon (pocket monster) trainer in the world. To do this, he enlists the help of many friends, and his own Pokémon, Pikachu. Together, they must search their world for new Pokémon, while avoiding the likes of Team Rocket, as well as other evil organizations, as well as battling rivals, and meeting legendary Pokémon. —ZeroG1",
    "rating": 7.5,
    "numVotes": 38868,
    "genres": "['Action', 'Adventure', 'Animation']",
    "cast": "['Veronica Taylor', 'Rachael Lillis', 'Eric Stuart', 'Ikue Ôtani', 'Rica Matsumoto', 'Rodger Parsons', \"Shin'ichirô Miki\", 'Megumi Hayashibara', 'Inuko Inuyama', 'Kayzie Rogers', 'Unshô Ishizuka', 'Sarah Natochenny', 'Yûji Ueda', 'James Carter Cathcart', 'Christopher Collet', 'Michele Knotz', 'Erica Schroeder', 'Bill Rogers']",
    "imageURL": "https://m.media-amazon.com/images/M/MV5BNjU1YjM2YzAtZWE2Ny00ZWNiLWFkZWItMDJhMzJiNDQwMmI4XkEyXkFqcGdeQXVyNTU1MjgyMjk@._V1_FMjpg_UX1000_.jpg"
  },
  {
    "imdbID": "tt8508734",
    "title": "His House",
    "popularRank": 511,
    "certificate": "{'Argentina': '16', 'Australia': 'MA15+', 'Brazil': '16', 'Canada': 'TV-14', 'France': '16', 'Germany': '16', 'India': '16', 'Italy': 'T', 'Japan': 'R15+', 'Mexico': 'TV-14', 'Poland': '16', 'Singapore': 'NC16', 'South Korea': '15', 'Spain': '16', 'Turkey': '16+', 'United Kingdom': '15', 'United States': 'TV-14'}",
    "startYear": 2020,
    "endYear": "",
    "episodes": "",
    "runtime": 93,
    "type": "movie",
    "originCountry": "United Kingdom",
    "language": "English",
    "summary": "A refugee couple makes a harrowing escape from war-torn South Sudan, but then they struggle to adjust to their new life in an English town that has an evil lurking beneath the surface.",
    "rating": 6.5,
    "numVotes": 30212,
    "genres": "['Drama', 'Horror', 'Thriller']",
    "cast": "['Sope Dirisu', 'Wunmi Mosaku', 'Malaika Wakoli-Abigaba', 'Matt Smith', 'Javier Botet', 'Yvonne Campbell', 'Vivienne Soan', 'Lola May', 'Kevin Layne', 'Maureen Casey', 'Homer Todiwala', 'Dominic Coleman', 'Sally Plumb', 'Roland Manookian', 'Andy Gathergood', 'Rasaq Kukoyi', 'Gamba Cole', 'Bradley Banton']",
    "imageURL": "https://m.media-amazon.com/images/M/MV5BOTQ0MTA2NjItMzFhMy00MTU2LTgwZmEtZjcxY2VkY2VjZDlhXkEyXkFqcGdeQXVyNDgyNzAxMzY@._V1_FMjpg_UX1000_.jpg"
  },
  {
    "imdbID": "tt1035736",
    "title": "Coco avant Chanel",
    "popularRank": 2177,
    "certificate": "{'Argentina': '13', 'Australia': 'M', 'Canada': 'G', 'Finland': 'S', 'France': 'Tous publics', 'Germany': '6', 'Hong Kong': 'IIA', 'Ireland': '12A', 'Japan': 'G', 'Mexico': 'B', 'Netherlands': 'AL', 'Norway': 'A', 'Portugal': 'M/12', 'Singapore': 'NC-16', 'South Korea': '15', 'Sweden': 'Btl', 'Switzerland': '7', 'Taiwan': 'PG-12', 'United States': 'PG-13'}",
    "startYear": 2009,
    "endYear": "",
    "episodes": "",
    "runtime": 105,
    "type": "movie",
    "originCountry": "France",
    "language": "French",
    "summary": "Several years after leaving the orphanage to which her father never returned for her, Gabrielle Chanel finds herself working in a provincial bar. She's both a seamstress for the performers and a singer, adopting the nickname Coco from her father in early childhood. A liaison with Baron Balsan gives her an entrée into French society and a chance to develop her gift for designing increasingly popular hats. When she falls in love with English businessman Arthur Capel further opportunities open up, though life becomes ever more complicated. —J-26",
    "rating": 6.7,
    "numVotes": 39144,
    "genres": "['Biography', 'Drama']",
    "cast": "['Audrey Tautou', 'Benoît Poelvoorde', 'Alessandro Nivola', 'Marie Gillain', 'Emmanuelle Devos', 'Régis Royer', 'Etienne Bartholomeus', 'Yan Duffas', 'Fabien Béhar', 'Roch Leibovici', 'Jean-Yves Chatelais', 'Pierre Diot', 'Vincent Nemeth', 'Bruno Abraham-Kremer', 'Lisa Cohen', 'Inès Bessalem', 'Marie-Bénédicte Roy', 'Emilie Gavois-Kahn']",
    "imageURL": "https://m.media-amazon.com/images/M/MV5BMTA0NjYzMzQxNzBeQTJeQWpwZ15BbWU3MDI2MDA0ODI@._V1_FMjpg_UX1000_.jpg"
  },
  {
    "imdbID": "tt2189801",
    "title": "Son",
    "popularRank": 3074,
    "certificate": "{'Philippines': '18+', 'Singapore': 'NC16'}",
    "startYear": 2012,
    "endYear": 2013,
    "episodes": 49,
    "runtime": 90,
    "type": "series",
    "originCountry": "Turkey",
    "language": "Turkish",
    "summary": "IRAN - the near future. Aylin, a beautiful but beaten Turkish woman, is being held captive. She is released from her bindings and led blinking onto a balcony of a dilapidated house where she meets a mysterious Englishman. He treats her kindly, returning her things. She goes for her passport but he tells her she won't use that anymore. He holds up a mirror and she sees her beaten face. She barely recognizes herself. 'Say goodbye Aylin' he tells her. 'Let us begin...' What has brought such a woman to this place? That is the question answered by this compelling series. We meet Aylin again, nine months earlier, only this time she is a woman who has everything, a successful architect, deeply in love with her husband, Selim, doting mother to their handsome son Ömer. She drops Selim off at the airport one morning and everything changes. His plane crashes. There are no survivors. After days of overwhelming grief comes a glimmer of hope: the airline realizes his name was not on the passenger list. Wherever he is, he is not dead - he never boarded the plane. And so Aylin is thrust into a web of shattered illusions, mistrust and fear. Selim's disappearance sets a complex chain of events in motion, events that have their roots many years ago. As Aylin finds strength to cope with the lies she sees in the eyes of all around her, other pieces of the puzzle close in on her. This is not just a story of broken hearts and friendships, but a gripping thriller about the workings of fate, history and our all-too-human hearts. The End. Would you go all the way to find the truth? —ahmetkozan",
    "rating": 7.4,
    "numVotes": 775,
    "genres": "['Adventure', 'Drama', 'Mystery']",
    "cast": "['Yigit Özsener', 'Nehir Erdogan', 'Engin Altan Düzyatan', 'Erkan Can', 'Mehrnoush Esmaeilpour', 'Olgun Toker', 'Ugur Polat', 'Ülkü Duru', 'Berrak Tüzünataç', 'Yilmaz Serif', 'Levent Can', 'Philip Arditti', 'Baran Akbulut', 'Emir Geylan', 'Martin Turner', 'Vahdet Çakar', 'Ahmet Levendoglu', 'Sezai Altekin']",
    "imageURL": "https://m.media-amazon.com/images/M/MV5BMTQyNzAzNjM0Nl5BMl5BanBnXkFtZTcwNzA0OTgxOQ@@._V1_FMjpg_UX1000_.jpg"
  },
  {
    "imdbID": "tt13064634",
    "title": "Glória",
    "popularRank": 3590,
    "certificate": "{'Australia': 'MA', 'Brazil': '16', 'Canada': 'TV-MA', 'France': '16', 'Germany': '16', 'Greece': 'K-16', 'India': '18', 'Indonesia': '18+', 'Italy': 'VM14', 'Mexico': 'TV-MA', 'Netherlands': '16', 'Philippines': '18+', 'Poland': '16', 'Portugal': '16', 'Singapore': 'M18', 'South Korea': '18', 'Spain': '16', 'Sweden': '16+', 'Turkey': '18+', 'United Kingdom': '18', 'United States': 'TV-MA', 'United Arab Emirates': '18+'}",
    "startYear": 2021,
    "endYear": "",
    "episodes": 10,
    "runtime": 40,
    "type": "series",
    "originCountry": "Portugal",
    "language": "Portuguese",
    "summary": "In the 1960s, at the height of the Cold War, in the small village of Glória do Ribatejo, João Vidal will take on several high-risk espionage missions that could change the course of Portuguese and world history.",
    "rating": 8.2,
    "numVotes": 1446,
    "genres": "['Drama', 'History', 'Thriller']",
    "cast": "['Matt Rippy', 'João Arrais', 'Miguel Nunes', 'Jimmy Taenaka', 'Stephanie Vogt', 'Rafael Morais', 'Stewart Alexander', 'Jim Sturgeon', 'Adriano Carvalho', 'Laura Frederico', 'Soren Hellerup', 'Vicente Gil', 'Carolina Amaral', 'Inês Castel-Branco', 'Carloto Cotta', 'Sandra Faleiro', 'Victoria Guerra', 'Adriano Luz']",
    "imageURL": "https://m.media-amazon.com/images/M/MV5BYjJlMTllM2EtZTA3OC00OWIzLTg4ODEtYzg4OThlYmQ1NWFmXkEyXkFqcGdeQXVyMTEzMTI1Mjk3._V1_FMjpg_UX1000_.jpg"
  },
  {
    "imdbID": "tt0076754",
    "title": "Squadra antitruffa",
    "popularRank": 4227,
    "certificate": "{'Germany': '12', 'Italy': 'T', 'Netherlands': '12', 'Norway': '16'}",
    "startYear": 1977,
    "endYear": "",
    "episodes": "",
    "runtime": 95,
    "type": "movie",
    "originCountry": "Italy",
    "language": "Italian",
    "summary": "A rude Roman policeman Nico Giraldi and an English detective team up in search of a gang that has carried out an enormous fraud against the Lloyd's of London.",
    "rating": 6.4,
    "numVotes": 318,
    "genres": "['Action', 'Comedy']",
    "cast": "['Tomas Milian', 'David Hemmings', 'Anna Cardini', 'Alberto Farnese', 'Massimo Vanni', 'Leo Gullotta', 'Bombolo', 'Antonio De Leo', 'Marcello Martana', 'Roberto Alessandri', 'Marcello Verziera', 'Nazzareno Natale', 'Giancarlo Badessi', 'Roberto Messina', 'Marco Tulli', 'Giovanni Attanasio', 'Omero Capanna', 'Andrea Aureli']",
    "imageURL": "https://m.media-amazon.com/images/M/MV5BMjI1NjlkMjgtYWNhMS00YTU1LWIxNGItMWIzMWNhODRhMGViXkEyXkFqcGdeQXVyMTIzNzEzNzI@._V1_FMjpg_UX1000_.jpg"
  },
  {
    "imdbID": "tt10472296",
    "title": "Du jia ji yi",
    "popularRank": 4290,
    "certificate": "{'India': '13', 'Singapore': 'PG13'}",
    "startYear": 2019,
    "endYear": 2019,
    "episodes": 1,
    "runtime": "",
    "type": "series",
    "originCountry": "China",
    "language": "Chinese",
    "summary": "A physics student who's also a substitute teacher catches a English student cheating on a test. She sets out to prove she didn't cheat and he finally believes her. She doesn't like him at first but a friendship blossoms and she falls in love with him. —misswritercreates",
    "rating": 7.3,
    "numVotes": 120,
    "genres": "['Drama', 'Romance']",
    "cast": "['Chao Zhang', 'Tingting Li', 'Zhang Zhang', 'Yuli Deng', 'Chen Xixu', 'Fan Dong', 'Hong Guo', 'Bohan Fu']",
    "imageURL": "https://m.media-amazon.com/images/M/MV5BNDkxOGRhOTEtZTJlNS00ZTM5LTkzMTMtNjVjNGE0Y2YxN2ZhXkEyXkFqcGdeQXVyMTMxODk2OTU@._V1_FMjpg_UX1000_.jpg"
  },
  {
    "imdbID": "tt9100028",
    "title": "La pequeña Suiza",
    "popularRank": 4325,
    "certificate": "{'Singapore': 'M18', 'Spain': '7', 'United Kingdom': '15'}",
    "startYear": 2019,
    "endYear": "",
    "episodes": "",
    "runtime": 86,
    "type": "movie",
    "originCountry": "Spain",
    "language": "Spanish",
    "summary": "Tellería is a fictional 700 years old town that politically belongs to the Automous Community of Castilla-León despite to be located in the Basque Country (north to Spain), which inhabitants want unsuccessfully to change of community from Castilla-León to Basque Country from much time ago. In the same day that Antolín, town's mayor, makes a new attempt just to learn that it was rejected again, his son Gorka back to the town with his job partner and love interest Yolanda to investigate town's church past, managed by town's priest Don Anselmo. When by chance Yolanda falls to the under ground due to the unfinished works made by well-known historian and archaeologist Peio, she finds a medieval sepulcher, discovering that it's the tomb of Walter Tell, son of legendary Swiss hero William Tell. Finding an ancient documents that prove the creation of Tellería (Tellstadt in English and rest of languages) as a gift given to Walter Tell after his help to the King of Castile Alfonso XI in a battle, it creates an incredible possibility: ask Switzerland to accept Tellería as its own to be the 27th canton. Gorka meets with Antolín and his mother Anamari to tell it, but he meets too with Nathalie, Antolín's right-hand and Gorka's former girlfriend, causing a doubt in him about the girl he loves. Looking for the tax advantages if Tellería could be part of a tax haven as Switzerland, the news spreads quickly along Spain, and the town tries to adapt itself as fast as be possible hoping the incoming visit of Switzerland's President to verify if Tellería has the necessary to be part of the country. But the new situation causes the resentment of town's banker Añibarro, who advocates for that Tellería be Basque, and hostel's manager and Nathalie's father Revuelta, who advocates for that Tellería be Castillian. In addition, photographer and Yolanda's boyfriend Fernando suddenly arrives to the town, causing more troubles than solutions after Yolanda discovers that Fernando really is an agent of CNI (Cuerpo Nacional de Inteligencia or National Corp of Intelligence; Spanish equivalent of FBI), sent to the town by the suspects of a possible riot by weapons trafficking (in true a personal collection of Don Anselmo). When the love triangle between Gorka, Yolanda and Nathalie is known by foolish and aspiring sculptor Íker, Gorka's best friend and Añibarro's son, who is falling in love with Nathalie and desperately tries that she loves him, Íker learns that Revuelta and Añibarro have left behind their differences and he joins them in a plan to revenge of Gorka and put end to the Antolín's ambitions. —Chockys",
    "rating": 4.8,
    "numVotes": 1101,
    "genres": "['Comedy']",
    "cast": "['Jon Plazaola', 'Maggie Civantos', 'Ingrid García Jonsson', 'Secun de la Rosa', 'Lander Otaola', 'Mikel Losada', 'Ramón Barea', 'Kandido Uranga', 'Enrique Villén', 'Maribel Salas', 'Pêpê Rapazote', 'Karra Elejalde', 'Anabela Teixeira', 'Susana Soleto', 'Iñigo Salinero', 'Youssef Elidrissi', 'Ylenia Baglietto', 'David Landatxe']",
    "imageURL": "https://m.media-amazon.com/images/M/MV5BNDdiNTMzODEtZjZmMy00Y2NhLWJiOWYtNzZmYWM0YzdlNTIxXkEyXkFqcGdeQXVyMTA0MjU0Ng@@._V1_FMjpg_UX1000_.jpg"
  },
  {
    "imdbID": "tt10919420",
    "title": "Squid Game",
    "popularRank": 4640,
    "certificate": "{'Australia': 'MA15+', 'Brazil': '16', 'Canada': 'TV-MA', 'Chile': '16+', 'France': '16', 'Germany': '16', 'India': '18', 'Indonesia': '18+', 'Italy': 'VM14', 'Japan': 'R18+', 'Lithuania': 'N-16', 'Mexico': 'TV-MA', 'Netherlands': '16', 'New Zealand': 'R16', 'Norway': '16', 'Philippines': '18+', 'Poland': '15', 'Russia': '18+', 'Singapore': 'M18', 'South Korea': '18', 'Spain': '16', 'Sweden': '16+', 'Turkey': '18+', 'United Kingdom': '15', 'United States': 'TV-MA', 'Ukraine': '16', 'United Arab Emirates': '18+', 'Vietnam': 'C18'}",
    "startYear": 2021,
    "endYear": 2021,
    "episodes": 2,
    "runtime": 485,
    "type": "series",
    "originCountry": "South Korea",
    "language": "Korean",
    "summary": "Round Six depicts a story of people who decide to become the players of a mysterious survival game that has a whopping 40-million-dollar prize at stake.",
    "rating": 8.1,
    "numVotes": 304361,
    "genres": "['Drama', 'Mystery', 'Thriller']",
    "cast": "['Geoffrey Giuliano', 'Jung-jae Lee', 'Hae-soo Park']",
    "imageURL": "https://m.media-amazon.com/images/M/MV5BMWZjYmRiM2ItNzIwNi00ZjRhLWEyZWEtNDY0NzE0NWZlMTUwXkEyXkFqcGdeQXVyNDY5MjMyNTg@._V1_FMjpg_UX1000_.jpg"
  },
  {
    "imdbID":"tt0064072",
    "title":["Battle of Britain"],
    "popularRank":880,
    "certificate":"{'Argentina': 'Atp', 'Australia': 'G', 'Brazil': '12', 'Canada': 'G', 'Finland': 'K-12', 'France': 'Tous publics', 'Germany': '16', 'Iceland': 'L', 'India': 'U', 'Ireland': 'PG', 'Italy': 'T', 'Japan': 'G', 'Netherlands': '12', 'New Zealand': 'G', 'Norway': '16', 'Portugal': 'M/12', 'Singapore': 'PG', 'Sweden': '15', 'United Kingdom': 'PG', 'United States': 'G', 'West Germany': '12'}",
    "startYear":1969,
    "runtime":132,
    "type":"movie",
    "originCountry":"United Kingdom",
    "language":"English",
    "summary":"Historical reenactment of the air war in the early days of World War II for control of the skies over Britain as the new Luftwaffe and the Royal Air Force determine whether or not an invasion can take place. —John Vogel <jlvogel@comcast.net>",
    "rating":7.0,
    "numVotes":21105,
    "genres":"['Action', 'Drama', 'History']",
    "cast":"['Michael Caine', 'Trevor Howard', 'Harry Andrews', 'Curd Jürgens', 'Ian McShane', 'Kenneth More', 'Laurence Olivier', 'Nigel Patrick', 'Christopher Plummer', 'Michael Redgrave', 'Ralph Richardson', 'Robert Shaw', 'Patrick Wymark', 'Susannah York', 'Michael Bates', 'Robert Flemyng', 'Isla Blair', 'Barry Foster']",
    "imageURL":"https://m.media-amazon.com/images/M/MV5BYjY1NmY1MzUtOTgwYy00Mzk0LThkNzgtZGRhNWU4NmFmYzMyL2ltYWdlXkEyXkFqcGdeQXVyNjQzNDI3NzY@._V1_FMjpg_UX1000_.jpg"},
  {
    "imdbID":"tt0358856",
    "title":["Little Britain"],
    "popularRank":1695,
    "certificate":"{'Australia': 'PG', 'Canada': 'G', 'Germany': '16', 'India': 'UA', 'Ireland': '15', 'Italy': 'T', 'Netherlands': 'AL', 'New Zealand': 'M', 'Singapore': 'M18', 'United Kingdom': '12', 'United States': 'TV-MA'}",
    "startYear":2003,
    "endYear":2006,
    "episodes":23,
    "runtime":29,
    "type":"series",
    "originCountry":"United Kingdom",
    "language":"English",
    "summary":"Based on the highly successful Radio 4 series, Little Britain is a hilarious exploration of the British Isles and its curious inhabitants after a successful pilot earlier this year. The programme travels from the Scottish highlands, through Wales, the tranquil English countryside and the less tranquil council estates of Britain's inner cities, while the narrator (Tom Baker) adds his insightful and eloquent comments for those less familiar with these fair Isles —Anonymous",
    "rating":7.6,
    "numVotes":22359,
    "genres":"['Comedy']",
    "cast":"['Matt Lucas', 'David Walliams', 'Tom Baker', 'Paul Putner', 'Anthony Head', 'Joann Condon', 'Charu Bala Chokshi', 'Steve Furst', 'Leelo Ross', 'Ruth Jones', 'Stirling Gallacher', 'Stephen Aintree', 'Sally Rogers', 'Steve Benham', 'Yuki Kushida', 'David Foxxe', 'Habib Nasib Nader', 'Joan Linder']",
    "imageURL":"https://m.media-amazon.com/images/M/MV5BNzRhZjBlNTgtMTE4YS00MTQzLTkyMTYtOTY0YWRjNjhmMWVhXkEyXkFqcGdeQXVyNjc4NTExMTk@._V1_FMjpg_UX1000_.jpg"},
  {
    "imdbID":"tt3387266",
    "title":["A United Kingdom"],
    "popularRank":1490,
    "certificate":"{'Australia': 'PG', 'Austria': '8', 'Brazil': '14', 'Canada': 'PG', 'Finland': 'K-12', 'France': 'Tous publics', 'Germany': '6', 'Hong Kong': 'IIA', 'Ireland': '12A', 'Italy': 'T', 'Netherlands': '12', 'New Zealand': 'M', 'Norway': '9', 'Singapore': 'PG', 'South Africa': '10-12', 'South Korea': '12', 'Spain': 'TP', 'Sweden': '11', 'Switzerland': '8', 'Turkey': '7+', 'United Kingdom': '12A', 'United States': 'PG-13'}",
    "startYear":2016,
    "runtime":111,
    "type":"movie",
    "originCountry":"Czech Republic",
    "language":"Tswana",
    "summary":"In the late 1940s, Prince Seretse Khama of Bechuanaland is studying law in Britain in preparation for his eventual ascension to the throne. There, the dashing prince falls in love with a white British clerk, Ruth Williams, and they plan to marry. While they suspect that his uncle, the Regent, would disapprove, nothing prepares them for the diplomatic firestorm and domestic political tumult their defiant love would spark. Now facing a citizenry leery of a white Briton as their Queen, the international opposition is even more unyielding from the British holding their land as a protectorate and fearful of South Africa's racist backlash to this affront to their apartheid domination. Against all odds, King Khama and Ruth must struggle to maintain their love and help their people in a land that would become the Republic of Botswana. —Kenneth Chisholm (kchishol@rogers.com)",
    "rating":6.9,
    "numVotes":15104,
    "genres":"['Biography', 'Drama', 'History']",
    "cast":"['David Oyelowo', 'Rosamund Pike', 'Tom Felton', 'Jack Davenport', 'Laura Carmichael', 'Terry Pheto', 'Jessica Oyelowo', 'Vusi Kunene', 'Nicholas Lyndhurst', 'Arnold Oceng', 'Anastasia Hille', 'Charlotte Hope', 'Theo Landey', 'Abena Ayivor', 'Jack Lowden', 'Zackary Momoh', 'Nicholas Rowe', 'Billy Boyle']",
    "imageURL":"https://m.media-amazon.com/images/M/MV5BOGRhMjY4YjAtOGI4ZC00OTc1LTk0ZDUtMTBhNjMyMzEzMjc3L2ltYWdlL2ltYWdlXkEyXkFqcGdeQXVyMTgwMTQyNjY@._V1_FMjpg_UX1000_.jpg"},
  {
    "imdbID":"tt9348692",
    "title":["Criminal: UK"],
    "popularRank":588,
    "certificate":"{'Australia': 'M', 'Brazil': '12', 'Canada': 'TV-MA', 'France': '13', 'Germany': '12', 'India': '16+', 'Italy': 'VM14', 'Japan': 'R18+', 'Mexico': 'TV-MA', 'Netherlands': '12', 'Philippines': '16+', 'Singapore': 'M18', 'South Korea': '18', 'Spain': '13', 'Sweden': '13', 'Turkey': '16+', 'United Kingdom': '15', 'United States': 'TV-MA'}",
    "startYear":2019,
    "episodes":7,
    "runtime":43,
    "type":"series",
    "originCountry":"United Kingdom",
    "language":"English",
    "summary":"A cat-and-mouse drama, which focuses on the intense mental conflict between detectives and suspects. The stories take place within the confines of a police interview suite.",
    "rating":7.6,
    "numVotes":15519,
    "genres":"['Crime', 'Drama', 'Thriller']",
    "cast":"['Katherine Kelly', 'Lee Ingleby', 'Rochenda Sandall', 'Shubham Saraf', 'Mark Stanley', 'Nicholas Pinnock', 'Aymen Hamdouchi', 'Amanda Drew', 'Jyuddah Jaymes', 'Lolita Chakrabarti', 'Kit Harington', 'Sharon Horgan', 'Rakhee Thakrar', 'Kevin Eldon', 'Mark Quartley', 'David Tennant', 'Annette Badland', 'Sophie Okonedo']",
    "imageURL":"https://m.media-amazon.com/images/M/MV5BYjIxZmZmM2UtN2EwYi00ZDNiLWJkY2ItMmQ4MWI0MmM2YzcyXkEyXkFqcGdeQXVyMTkxNjUyNQ@@._V1_FMjpg_UX1000_.jpg"},
  {
    "imdbID":"tt9680524",
    "title":["Glow Up: Britain's Next Make-Up Star"],
    "popularRank":2091,
    "certificate":"{'Argentina': '13', 'Australia': 'M', 'Mexico': 'TV-14', 'Philippines': '13+', 'Singapore': 'R21', 'South Korea': '15', 'Turkey': '13+', 'United States': 'TV-14'}",
    "startYear":2019,
    "episodes":24,
    "runtime":60,
    "type":"series",
    "originCountry":"United Kingdom",
    "language":"English",
    "summary":"A talented group of aspiring make-up artists attempt to prove their potential to industry professionals in this competition hosted first by Stacey Dooley then by Maya Jama.",
    "rating":6.7,
    "numVotes":1285,
    "genres":"['Reality-TV']",
    "cast":"['Dominic C. Skinner', 'Val Garland', 'Maya Jama', 'Stacey Dooley', 'Jake Herbert', 'Ruxandra Porojnicu', 'Ella Walker', 'David Malinowski', 'Lisa Oxenham', 'Lisa Armstrong', 'Andrew Gallimore', 'Henry Holland', 'Ashley Roller', 'Min Sandhu', 'Michelle Visage', 'Jonas Blue', 'Les Child', 'Lisa Eldridge']",
    "imageURL":"https://m.media-amazon.com/images/M/MV5BN2ZiOTY3NzktODhiMy00MjQzLTgzNGMtMzdlMDBjMmM1YTcxXkEyXkFqcGdeQXVyNjk1Njg5NTA@._V1_FMjpg_UX1000_.jpg"},
  {
    "imdbID":"tt5900164",
    "title":["The Investigator: A British Crime Story"],
    "popularRank":2609,
    "certificate":"{'Italy': 'VM14', 'Singapore': 'PG13', 'South Korea': '18'}",
    "startYear":2016,
    "endYear":2018,
    "episodes":7,
    "runtime":47,
    "type":"series",
    "originCountry":"United Kingdom",
    "language":"English",
    "summary":"Series 1: In June 1985 Carole Packman, a wife and mother mysteriously disappeared and has never been seen since. Her husband Russell Causley is now serving a life sentence for her murder, yet no body has ever been found. Throughout the case he pleaded his innocence and refused to talk. Mark Williams-Thomas re-investigates the disappearance of Carole Packman. With the help of neighbours and friends, he retraces Carole's last known steps. Series 2: The 1988 case of missing 18-year-old Louise Kay. —Shiver",
    "rating":5.7,
    "numVotes":1588,
    "genres":"['Crime', 'Documentary']",
    "cast":"['Mark Williams-Thomas', 'Rick Warden', 'Tanya Winsor', 'Frances Millar', 'Alice Harding', 'Jason Allen', 'Sam Gillingham', 'Chris Hackett', 'Ayse Jamieson', 'Nazir Afzal', 'Patricia Causley', 'David France', 'Lesley Gardiner', 'Neil Gillingham', 'Rebecca Hoggarth', 'Jackie McKinley', 'Dave Norcott', 'David Bannerman']",
    "imageURL":"https://m.media-amazon.com/images/M/MV5BMTIxNjQyYWItM2Q2Mi00ZjgzLTk0ZGUtYzMxNzVjNTY0OGU3XkEyXkFqcGdeQXVyNjgwMTg1MjY@._V1_FMjpg_UX1000_.jpg"},
  {
    "imdbID":"tt5181284",
    "title":["Secrets of Great British Castles"],
    "popularRank":3385,
    "certificate":"{'Netherlands': '9', 'Norway': '7', 'Philippines': '7+', 'Singapore': 'PG', 'South Korea': '12', 'United States': 'TV-PG'}",
    "startYear":2015,
    "episodes":12,
    "runtime":45,
    "type":"series",
    "originCountry":"United Kingdom",
    "language":"English",
    "summary":"Historian Dan Jones explores the millennium of history behind six of Great Britain's most famous castles: Warwick, Dover, Caernarfon, the Tower of London, Carrickfergus, and Stirling.",
    "rating":7.8,
    "numVotes":880,
    "genres":"['Documentary', 'History']",
    "cast":"['Dan Jones', 'Christophe Lombardi', 'Jay Dee', 'Ronald Hutton', 'Marc Morris', 'Stuart Prior', 'Kenneth Cusack', 'Ciaron Davies', 'Tobias Capwell', 'Dominic Selwood', 'Colin Tregorran-Herriett', 'Jessie Childs', 'Boyd Rankin', 'Karen Dempsey', 'Tóla Collier', 'Spike Davis', 'Sabina Bonnici', 'Mark Davis']",
    "imageURL":"https://m.media-amazon.com/images/M/MV5BZmVhMzcwZDctMzYxNi00MTMxLTljNWItYTZmZmIzNmJhNGE2XkEyXkFqcGdeQXVyMjU1OTc2MTc@._V1_FMjpg_UX1000_.jpg"},
  {
    "imdbID":"tt3196598",
    "title":["Sex: My British Job"],
    "popularRank":5519,
    "certificate":"{'Australia': 'MA15+', 'Singapore': 'R21', 'United States': 'Not Rated'}",
    "startYear":2013,
    "runtime":63,
    "type":"movie",
    "originCountry":"United Kingdom",
    "language":"Chinese",
    "summary":"Nick Broomfield met Hsiao Hung Pai, a journalist who was working for the Guardian, when making his feature film 'Ghosts' (about the Morecambe Bay Chinese Cockle Pickers ). As an experiment and using the latest in undercover technology, Nick worked with Hsiao to make a Undercover film set in a Chinese brothel in Finchley. There are over 2000 'illegal' brothels in London,largely ignored by the police and the authorities, which employ 80% foreign nationals, mostly illegal, that are easily exploited by the brothel owners. The film has a very different feel from the normal undercover film. This is due to the camera being mounted in the center of spectacles, which causes the participants to look directly into the camera, achieving a great intimacy and the possibility of making a character lead undercover film. This is also a very subjective story, told through the eyes of Hsiao Hung Pai, an immigrant herself, who though a very experienced undercover reporter went through great personal trauma revisiting this territory.",
    "rating":6.1,
    "numVotes":395,
    "genres":"['Documentary']",
    "cast":"['Nick Broomfield', 'Hsiao-Hung Pai']",
    "imageURL":"https://m.media-amazon.com/images/M/MV5BMTk3OTA5MzE3M15BMl5BanBnXkFtZTgwOTI2MDA5NTE@._V1_FMjpg_UX1000_.jpg"},
  {
    "imdbID":"tt7830028",
    "title":["Criminals: Caught on Camera"],
    "popularRank":5246,
    "startYear":2013,
    "endYear":2015,
    "episodes":21,
    "type":"series",
    "originCountry":"United Kingdom",
    "language":"English",
    "summary":"UK is the most surveilled place in the world. It is home to more than 6 million CCTV cameras -- about 1 for every 14 people -- that operate 24/7 and generate more than 1 billion hours of video every week. Crime reporter Nick Wallis tells us how UK police uses this vast surveillance network for active crime prevention as well as tracking down outlaws.",
    "rating":6.9,
    "numVotes":39,
    "genres":"['Crime', 'Documentary']",
    "cast":"['Nick Wallis', 'Callum Roy', 'Viv Brownley', 'Andy Stocker', 'Paul Hunt', 'Amanda Octave', 'Andy Gould', 'Barbara Ashton', 'Tony Donnelly', 'Lindsay Mitchell', \"Steve O'Driscell\", 'Mal Singh', 'Andy Burrage', 'Martyn Franks', 'Jen Gort', 'William Lyle', 'Sean Perret', 'Steven Lewis']",
    "imageURL":"https://m.media-amazon.com/images/M/MV5BNTM5MDRhMDAtZDY0NS00MzY3LWIzYmEtYmZlZDM1Y2NhMzY5XkEyXkFqcGdeQXVyMjQ3MjU3NTU@._V1_FMjpg_UX1000_.jpg"},
  {
    "imdbID":"tt3223412",
    "title":["Blackout"],
    "popularRank":4895,
    "certificate":"{'Australia': 'MA15+'}",
    "startYear":2013,
    "runtime":90,
    "type":"movie",
    "originCountry":"United Kingdom",
    "language":"English",
    "summary":"There is a Power Cut in the UK for a week and this is a Docu-Drama about that.",
    "rating":6.5,
    "numVotes":222,
    "genres":"['Drama']",
    "cast":"['Jemima Abey', 'Maisie Abraham', 'Komal Amin', 'Faraz Ayub', 'Theo Barklem-Biggs', 'Michelle Bonnard', 'Janie Booth', 'Scarlett Brookes', 'Josh Casswell', 'Anthony Davis', 'Jordan Dawes', 'Kirsty Dillon', 'Ethan Fairclough', 'Andrew Gibson', 'Richard Graham', 'Josh Maguire', 'Karen Meagher', 'David Pentek']",
    "imageURL":"https://m.media-amazon.com/images/M/MV5BODczNTQ1ZDctMzBmZi00NTZhLTkzYTktODhiMjViODM3MjZlXkEyXkFqcGdeQXVyNzMzMjU5NDY@._V1_FMjpg_UX1000_.jpg"}
]