[
    {
        "imdbID": "tt4052886",
        "title": "Lucifer",
        "popularRank": 1,
        "certificate": "{'Australia': 'MA15+', 'Brazil': '16', 'Canada': '13+', 'France': '10', 'Germany': '16', 'India': '15', 'Indonesia': '16+', 'Italy': 'BA', 'Japan': 'R15+', 'Mexico': 'TV-14', 'Netherlands': '16', 'New Zealand': 'M', 'Philippines': '16+', 'Poland': '16', 'Russia': '16+', 'Singapore': 'PG13', 'South Korea': '18', 'Spain': '12', 'Sweden': '13', 'Turkey': '16+', 'United Kingdom': '15', 'United States': 'TV-14', 'United Arab Emirates': '16+', 'Vietnam': 'C16'}",
        "startYear": 2016,
        "endYear": 2021,
        "episodes": 93,
        "runtime": 42,
        "type": "series",
        "originCountry": "United States",
        "language": "English",
        "summary": "Lucifer Morningstar, bored from his sulking life in hell, comes to live in Los Angeles. While there, he helps humanity with its miseries through his experience and telepathic abilities to bring people's deepest desires and thoughts out of them. While meeting with a Detective in his nightclub (Lux), a shootout involving him and the Detective leads him to become an LAPD consultant who tries to punish people for their crimes through law and justice. —ahmetkozan",
        "rating": 8.1,
        "numVotes": 250884,
        "genres": "['Crime', 'Drama', 'Fantasy']",
        "cast": "['Tom Ellis', 'Lauren German', 'Lesley-Ann Brandt', 'Kevin Alejandro', 'D.B. Woodside', 'Rachael Harris', 'Scarlett Estevez', 'Aimee Garcia', 'Tricia Helfer', 'Tom Welling', 'Inbar Lavi', 'Kevin Rankin', 'Graham McTavish', 'Dennis Haysbert', 'Genevieve Gauss', 'John Specogna', 'Jeremiah Birkett', 'Cailan Robinson']",
        "imageURL": "https://m.media-amazon.com/images/M/MV5BNzY1YjIxOGMtOTAyZC00YTcyLWFhMzQtZTJkYTljYzU0MGRlXkEyXkFqcGdeQXVyMTAwMzM3NDI3._V1_FMjpg_UX1000_.jpg"
    },
    {
        "imdbID": "tt1632701",
        "title": "Suits",
        "popularRank": 69,
        "certificate": "{'Argentina': '13', 'Australia': 'M', 'Brazil': '14', 'Canada': 'G', 'Denmark': '15', 'Finland': 'K-16', 'France': 'Tous publics', 'Germany': '12', 'India': '13+', 'Indonesia': '16+', 'Ireland': '15', 'Italy': 'T', 'Japan': 'PG12', 'Mexico': 'TV-14', 'Netherlands': '12', 'New Zealand': 'M', 'Norway': '15', 'Philippines': '16+', 'Poland': '12', 'Russia': '16+', 'Singapore': 'NC16', '(Netflix': ' series level)', 'South Korea': '15', 'Spain': '13', 'Sweden': '15', 'Turkey': '16+', 'United Kingdom': '15', 'United States': 'TV-14', 'United Arab Emirates': '16+'}",
        "startYear": 2011,
        "endYear": 2019,
        "episodes": 134,
        "runtime": 44,
        "type": "series",
        "originCountry": "United States",
        "language": "English",
        "summary": "While running from a drug deal gone bad, brilliant young college dropout Mike Ross slips into a job interview with one of New York City's best legal closers, Harvey Specter. Tired of cookie-cutter law-school grads, Harvey takes a gamble by hiring Mike on the spot after recognizing his raw talent and photographic memory. Mike and Harvey are a winning team. Although Mike is a genius, he still has a lot to learn about law; and while Harvey might seem like an emotionless, cold-blooded shark, Mike's sympathy and concern for their cases and clients will help remind Harvey why he went into law in the first place. Mike's other allies in the office include the firm's best paralegal Rachel and Harvey's no-nonsense assistant Donna. Proving to be an irrepressible duo and invaluable to the practice, Mike and Harvey must keep their secret from everyone including managing partner Jessica and Harvey's archnemesis Louis, who seems intent on making Mike's life as difficult as possible. —USA Network",
        "rating": 8.4,
        "numVotes": 371003,
        "genres": "['Comedy', 'Drama']",
        "cast": "['Gabriel Macht', 'Patrick J. Adams', 'Meghan Markle', 'Sarah Rafferty', 'Rick Hoffman', 'Gina Torres', 'Amanda Schull', 'Wendell Pierce', 'Dulé Hill', 'Aloma Wright', 'Rachael Harris', 'Katherine Heigl', 'Christina Cole', 'Max Topplin', 'Neal McDonough', 'David Costabile', 'D.B. Woodside', 'Ray Proscia']",
        "imageURL": "https://m.media-amazon.com/images/M/MV5BNmVmMmM5ZmItZDg0OC00NTFiLWIxNzctZjNmYTY5OTU3ZWU3XkEyXkFqcGdeQXVyMTQxNzMzNDI@._V1_FMjpg_UX1000_.jpg"
    },
    {
        "imdbID": "tt3398228",
        "title": "BoJack Horseman",
        "popularRank": 79,
        "certificate": "{'Argentina': '16', 'Australia': 'MA15+', 'Brazil': '16', 'Canada': '13+', 'France': '16', 'Germany': '16', 'India': '18+', 'Indonesia': '18+', 'Ireland': '15', 'Italy': 'VM14', 'Japan': 'G', 'Mexico': 'TV-MA', 'Netherlands': '12', 'New Zealand': 'R16', 'Philippines': '18+', 'Poland': '12', 'Portugal': 'M/16', 'Russia': '16+', 'Singapore': 'R21', 'South Korea': '18', 'Spain': '16', 'Sweden': '16+', 'Turkey': '18+', 'United Kingdom': '15', 'United States': 'TV-MA', 'United Arab Emirates': '18+'}",
        "startYear": 2014,
        "endYear": 2020,
        "episodes": 77,
        "runtime": 25,
        "type": "series",
        "originCountry": "United States",
        "language": "English",
        "summary": "After starring in the popular sitcom \"Horsin' Around\" in the late 80s and early 90s, BoJack Horseman struggles with his deteriorating popularity, depression, addiction, and maintaining the relationships with those he cares about, but can't seem to stop hurting, all while living in the satirical, pun-filled city of Hollywood, California. —ectreece",
        "rating": 8.7,
        "numVotes": 120461,
        "genres": "['Animation', 'Comedy', 'Drama']",
        "cast": "['Will Arnett', 'Amy Sedaris', 'Alison Brie', 'Aaron Paul', 'Paul F. Tompkins', 'Adam Conover', 'Keith Olbermann', 'Diedrich Bader', 'Kristen Schaal', 'Patton Oswalt', 'Raphael Bob-Waksberg', 'Aparna Nancherla', 'J.K. Simmons', 'Stanley Tucci', 'Wendie Malick', 'Angela Bassett', 'Rami Malek', 'Stephanie Beatriz']",
        "imageURL": "https://m.media-amazon.com/images/M/MV5BYWQwMDNkM2MtODU4OS00OTY3LTgwOTItNjE2Yzc0MzRkMDllXkEyXkFqcGdeQXVyMTkxNjUyNQ@@._V1_FMjpg_UX1000_.jpg"
    },
    {
        "imdbID": "tt0145487",
        "title": "Spider-Man",
        "popularRank": 188,
        "certificate": "{'Argentina': '13', 'Australia': 'M', 'Austria': '10', 'Brazil': 'Livre', 'Canada': 'G', 'Chile': 'TE', 'Denmark': '11', 'Finland': 'K-12', 'France': 'Tous publics', 'Germany': '12', 'Greece': 'K-12', 'Hong Kong': 'IIA', 'Hungary': '12', 'Iceland': 'LH', 'India': 'U', 'Indonesia': '13+', 'Ireland': '12', 'Italy': 'T', 'Japan': 'G', 'Malaysia': 'U', 'Mexico': 'A', 'Netherlands': '12', 'New Zealand': 'M', 'Norway': '11', 'Peru': 'Apt', 'Philippines': 'G', 'Poland': '12', 'Portugal': 'M/12', 'Russia': '12+', 'Singapore': 'PG13', 'South Africa': '10', 'South Korea': '12', 'Spain': 'A', 'Sweden': '11', 'Switzerland': '12', 'Taiwan': 'PG-12', 'Turkey': '13+', 'United Kingdom': '12', 'United States': 'PG-13', 'United Arab Emirates': 'PG'}",
        "startYear": 2002,
        "runtime": 121,
        "type": "movie",
        "originCountry": "United States",
        "language": "English",
        "summary": "Based on Marvel Comics' superhero character, this is a story of Peter Parker who is a nerdy high-schooler. He was orphaned as a child, bullied by jocks, and can't confess his crush for his stunning neighborhood girl Mary Jane Watson. To say his life is \"miserable\" is an understatement. But one day while on an excursion to a laboratory a runaway radioactive spider bites him... and his life changes in a way no one could have imagined. Peter acquires a muscle-bound physique, clear vision, ability to cling to surfaces and crawl over walls, shooting webs from his wrist ... but the fun isn't going to last. An eccentric millionaire Norman Osborn administers a performance enhancing drug on himself and his maniacal alter ego Green Goblin emerges. Now Peter Parker has to become Spider-Man and take Green Goblin to the task... or else Goblin will kill him. They come face to face and the war begins in which only one of them will survive at the end. —Soumitra",
        "rating": 7.3,
        "numVotes": 701595,
        "genres": "['Action', 'Adventure', 'Sci-Fi']",
        "cast": "['Tobey Maguire', 'Kirsten Dunst', 'Willem Dafoe', 'James Franco', 'Cliff Robertson', 'Rosemary Harris', 'J.K. Simmons', 'Joe Manganiello', 'Gerry Becker', 'Bill Nunn', 'Jack Betts', 'Stanley Anderson', 'Ron Perkins', 'Michael Papajohn', 'K.K. Dodds', 'Ted Raimi', 'Bruce Campbell', 'Elizabeth Banks']",
        "imageURL": "https://m.media-amazon.com/images/M/MV5BZDEyN2NhMjgtMjdhNi00MmNlLWE5YTgtZGE4MzNjMTRlMGEwXkEyXkFqcGdeQXVyNDUyOTg3Njg@._V1_FMjpg_UX1000_.jpg"
    },
    {
        "imdbID": "tt1695360",
        "title": "The Legend of Korra",
        "popularRank": 317,
        "certificate": "{'Argentina': 'Atp', 'Australia': 'PG', 'Brazil': '10', 'Canada': 'G', 'France': 'Tous publics', 'Germany': '0', 'Italy': 'T', 'Japan': 'G', 'Malaysia': 'P13', 'Mexico': 'A', 'Netherlands': '6', 'New Zealand': 'PG', 'Philippines': '13+', 'Poland': '7', 'Portugal': 'T', 'Russia': '12+', 'Singapore': 'PG', 'Spain': 'TP', 'Turkey': '13+', 'United Kingdom': '12', 'United States': 'TV-PG'}",
        "startYear": 2012,
        "endYear": 2014,
        "episodes": 52,
        "runtime": 23,
        "type": "series",
        "originCountry": "United States",
        "language": "English",
        "summary": "Taking place 70 years after the events of \"Avatar: The Last Airbender,\" this story follows the adventures of the Avatar after Aang - a passionate, rebellious, and fearless teenage girl from the Southern Water Tribe named Korra. With three of the four elements under her belt (Earth, Water, and Fire), Korra seeks to master the final element, Air. Her quest leads her to the epicenter of the modern \"Avatar\" world, Republic City - a metropolis that is fueled by steampunk technology. It is a virtual melting pot where benders and non-benders from all nations live and thrive. However, Korra discovers that Republic City is plagued by crime as well as a growing anti-bending revolution that threatens to rip it apart. Under the tutelage of Aang's son, Tenzin, Korra begins her airbending training while dealing with the dangers at large. —Nickelodeon Publicity",
        "rating": 8.4,
        "numVotes": 107820,
        "genres": "['Action', 'Adventure', 'Animation']",
        "cast": "['Janet Varney', 'P.J. Byrne', 'David Faustino', 'J.K. Simmons', 'Jeff Bennett', 'Dee Bradley Baker', 'Seychelle Gabriel', 'Mindy Sterling', 'Logan Wells', 'Kiernan Shipka', 'John Michael Higgins', 'Darcy Rose Byrnes', 'Maria Bamford', 'Richard Riehle', 'James Remar', 'Adrian LaTourelle', 'Anne Heche', 'Lisa Edelstein']",
        "imageURL": "https://m.media-amazon.com/images/M/MV5BYTZhNGY2ZDAtYWYxYy00YWNlLWI3NDUtNjBiM2NkMGVmODIxXkEyXkFqcGdeQXVyODUwNjEzMzg@._V1_FMjpg_UX1000_.jpg"
    },
    {
        "imdbID": "tt2267968",
        "title": "Kung Fu Panda 3",
        "popularRank": 687,
        "certificate": "{'Argentina': 'Atp', 'Australia': 'PG', 'Austria': '6', 'Brazil': 'Livre', 'Canada': 'G', 'Chile': 'TE', 'Colombia': 'T', 'Denmark': '7', 'Finland': 'K-7', 'France': 'Tous publics', 'Germany': '0', 'Hong Kong': 'I', 'Hungary': '12', 'India': 'U', 'Indonesia': 'SU', 'Ireland': 'PG', 'Italy': 'T', 'Japan': 'G', 'Lithuania': 'V', 'Malaysia': 'U', 'Maldives': '12+', 'Mexico': 'AA', 'Netherlands': '6', 'New Zealand': 'PG', 'Norway': '7', 'Philippines': 'G', 'Poland': '7', 'Portugal': 'M/6', 'Russia': '6+', 'Singapore': 'G', 'South Korea': 'All', 'Spain': 'A', 'Sweden': '7', 'Switzerland': '0', 'Taiwan': 'GP', 'Thailand': 'G', 'Turkey': '7+', 'United Kingdom': 'PG', 'United States': 'PG', 'Ukraine': 'ZA', 'Vietnam': 'P'}",
        "startYear": 2016,
        "runtime": 95,
        "type": "movie",
        "originCountry": "United States",
        "language": "English",
        "summary": "When Po's long-lost panda father suddenly reappears, the reunited duo travels to a secret panda paradise to meet scores of hilarious new panda characters. But when the supernatural villain Kai begins to sweep across China defeating all the kung fu masters, Po must do the impossible-learn to train a village full of his fun-loving, clumsy brethren to become the ultimate band of Kung Fu Pandas. —20th Century Fox",
        "rating": 7.1,
        "numVotes": 138914,
        "genres": "['Action', 'Adventure', 'Animation']",
        "cast": "['Jack Black', 'Bryan Cranston', 'Dustin Hoffman', 'Angelina Jolie', 'J.K. Simmons', 'Jackie Chan', 'Seth Rogen', 'Lucy Liu', 'David Cross', 'Kate Hudson', 'James Hong', 'Randall Duk Kim', 'Steele Gagnon', 'Liam Knight', 'Wayne Knight', 'Barbara Dirickson', 'Al Roker', 'Willie Geist']",
        "imageURL": "https://m.media-amazon.com/images/M/MV5BMTUyNzgxNjg2M15BMl5BanBnXkFtZTgwMTY1NDI1NjE@._V1_FMjpg_UX1000_.jpg"
    },
    {
        "imdbID": "tt1758429",
        "title": "Spartacus: Gods of the Arena",
        "popularRank": 712,
        "certificate": "{'Australia': 'R18+', 'Brazil': '18', 'Canada': '13+', 'Czechia': '18', 'Denmark': '15', 'Finland': 'K-18', 'France': '16', 'Germany': '18', 'Ireland': '18', 'Italy': 'VM14', 'Mexico': 'C', 'Netherlands': '16', 'New Zealand': 'R18', 'Norway': '18', 'Poland': '18', 'Russia': '18+', 'Singapore': 'M18', 'South Africa': '18', 'South Korea': '18', 'Spain': '18', 'Sweden': '15', 'Thailand': '20', 'United Kingdom': '18', 'United States': 'TV-MA'}",
        "startYear": 2011,
        "endYear": 2011,
        "episodes": 6,
        "runtime": 331,
        "type": "miniSeries",
        "originCountry": "United States",
        "language": "English",
        "summary": "Before Spartacus struck down his first opponent in the arena, there were many gladiators who passed through the gates onto the sand.'Spartacus: Gods of the Arena' tells the story of the original Champion of the House of Batiatus: Gannicus, in a more ruthless time before Spartacus' arrival where honor was just finding its way into the arena.",
        "rating": 8.5,
        "numVotes": 129137,
        "genres": "['Action', 'Adventure', 'Biography']",
        "cast": "['John Hannah', 'Manu Bennett', 'Peter Mensah', 'Dustin Clare', 'Nick E. Tarabay', 'Lucy Lawless', 'Craig Walsh-Wrightson', 'Lesley-Ann Brandt', 'Antonio Te Maioha', 'Stephen Lovatt', 'Shane Rangi', 'Jessica Grace Smith', 'Raicho Vasilev', 'Ioane King', 'Marisa Ramirez', 'Gareth Williams', 'Jeffrey Thomas', 'Jaime Murray']",
        "imageURL": "https://m.media-amazon.com/images/M/MV5BMTYyMjI4NzYxOF5BMl5BanBnXkFtZTcwNTUwMTc1NA@@._V1_FMjpg_UX1000_.jpg"
    },
    {
        "imdbID": "tt1397280",
        "title": "Taken 2",
        "popularRank": 803,
        "certificate": "{'Argentina': '16', 'Australia': 'M', 'Austria': '16', 'Brazil': '14', 'Canada': '13+', 'Colombia': '12', 'Denmark': '15', 'Finland': 'K-16', 'France': 'Tous publics avec avertissement', 'Germany': '16', 'Greece': 'K-12', 'Hong Kong': 'IIB', 'India': 'A', 'Ireland': '12A', 'Italy': 'T', 'Japan': 'G', 'Lithuania': 'N-13', 'Malaysia': 'P13', 'Mexico': 'B15', 'Netherlands': '16', 'New Zealand': 'M', 'Norway': '15', 'Peru': '14', 'Philippines': 'PG-13', 'Portugal': 'M/12', 'Singapore': 'PG13', 'South Africa': '16', 'South Korea': '15', 'Spain': '12', 'Sweden': '15', 'Switzerland': '14', 'Turkey': '13A', 'United Kingdom': '12A', 'United States': 'PG-13', 'Vietnam': 'C16'}",
        "startYear": 2012,
        "runtime": 92,
        "type": "movie",
        "originCountry": "France",
        "language": "English",
        "summary": "The retired CIA agent Bryan Mills invites his teenage daughter Kim and his ex-wife Lenore, who has separated from her second husband, to spend a couple of days in Istanbul where he is working. Meanwhile, the patriarch of the community of the Albanian gang of human trafficking, Murad Krasniqi, seeks revenge for the death of his son and organizes another gang to kidnap Bryan and his family. Bryan and Lenore are abducted by the Albanians, but Kim escapes and is the only hope that Bryan has to escape and save Lenore. —Claudio Carvalho, Rio de Janeiro, Brazil",
        "rating": 6.3,
        "numVotes": 293158,
        "genres": "['Action', 'Crime', 'Thriller']",
        "cast": "['Liam Neeson', 'Famke Janssen', 'Maggie Grace', 'Leland Orser', 'Jon Gries', 'D.B. Sweeney', 'Luke Grimes', 'Rade Serbedzija', 'Kevork Malikyan', 'Alain Figlarz', 'Frank Alvarez', 'Murat Tuncelli', 'Ali Yildirim', 'Ergun Kuyucu', 'Cengiz Bozkurt', 'Hakan Karahan', 'Saruhan Sari', 'Naci Adigüzel']",
        "imageURL": "https://m.media-amazon.com/images/M/MV5BMTkwNTQ0ODExOV5BMl5BanBnXkFtZTcwNjU3NDQwOA@@._V1_FMjpg_UX1000_.jpg"
    },
    {
        "imdbID": "tt4729430",
        "title": "Klaus",
        "popularRank": 859,
        "certificate": "{'Argentina': 'Atp', 'Australia': 'PG', 'Brazil': '10', 'Canada': 'G', 'France': '7', 'Germany': '6', 'Greece': 'K', 'India': '7', 'Ireland': 'PG', 'Italy': 'T', 'Japan': 'G', 'Mexico': 'PG', 'Netherlands': '6', 'Poland': '7', 'Singapore': 'PG', 'South Korea': 'All', 'Spain': 'A/i', 'Turkey': '7+', 'United Kingdom': 'PG', 'United States': 'PG'}",
        "startYear": 2019,
        "runtime": 96,
        "type": "movie",
        "originCountry": "Spain",
        "language": "English",
        "summary": "When Jesper (Jason Schwartzman) distinguishes himself as the postal academy's worst student, he is stationed on a frozen island above the Arctic Circle, where the feuding locals hardly exchange words let alone letters. Jesper is about to give up when he finds an ally in local teacher Alva (Rashida Jones), and discovers Klaus (Oscar® winner J.K. Simmons), a mysterious carpenter who lives alone in a cabin full of handmade toys. These unlikely friendships return laughter to Smeerensburg, forging a new legacy of generous neighbors, magical lore and stockings hung by the chimney with care. An animated Christmas comedy directed by Despicable Me co-creator Sergio Pablos, KLAUS co-stars Rashida Jones, Jason Schwartzman and JK Simmons. —Netflix",
        "rating": 8.2,
        "numVotes": 113596,
        "genres": "['Adventure', 'Animation', 'Comedy']",
        "cast": "['Jason Schwartzman', 'J.K. Simmons', 'Rashida Jones', 'Will Sasso', 'Neda Margrethe Labba', 'Sergio Pablos', 'Norm MacDonald', 'Joan Cusack', 'Evan Agos', 'Sky Alexis', 'Jaeden Bettencourt', 'Teddy Blum', 'Mila Brener', 'Sydney Brower', 'Finn Carr', 'Kendall Joy Hall', 'Hailey Hermida', 'Lexie Holland']",
        "imageURL": "https://m.media-amazon.com/images/M/MV5BMWYwOThjM2ItZGYxNy00NTQwLWFlZWEtM2MzM2Q5MmY3NDU5XkEyXkFqcGdeQXVyMTkxNjUyNQ@@._V1_FMjpg_UX1000_.jpg"
    },
    {
        "imdbID": "tt3276924",
        "title": "Heist",
        "popularRank": 1242,
        "certificate": "{'Argentina': '13', 'Australia': 'MA15+', 'Chile': '14', 'Denmark': '15', 'Germany': '16', 'Greece': 'K-16', 'Italy': 'T', 'Mexico': 'B-15', 'Netherlands': '16', 'Norway': '15', 'Philippines': 'R-13', 'Singapore': 'M18', 'South Korea': '15', 'Spain': '16', 'United Kingdom': '15', 'United States': 'R'}",
        "startYear": 2015,
        "runtime": 93,
        "type": "movie",
        "originCountry": "United States",
        "language": "English",
        "summary": "When their attempt to rob a casino owned by the feared gangster Pope goes awry and a shootout ensues, Vaughn and Cox are forced to flee on foot and hijack city Bus 657 and take the passengers hostage. —Lionsgate Premiere",
        "rating": 6.1,
        "numVotes": 28620,
        "genres": "['Action', 'Crime', 'Drama']",
        "cast": "['Robert De Niro', 'Jeffrey Dean Morgan', 'Dave Bautista', 'Kate Bosworth', 'Gina Carano', 'Morris Chestnut', 'Lydia Hull', 'Mark-Paul Gosselaar', 'Stephen Cyrus Sepher', 'D.B. Sweeney', 'Tyler Jon Olson', 'Alyssa Julya Smith', 'Hawn Tran', 'Christopher Rob Bowen', 'Renell Gibbs', 'Ashley Valenzuela', 'Elizabeth Windley', 'Tyson Sullivan']",
        "imageURL": "https://m.media-amazon.com/images/M/MV5BMjEzNTkyMDE3NV5BMl5BanBnXkFtZTgwMTM2MDY4NjE@._V1_FMjpg_UX1000_.jpg"
    },
    {
        "imdbID": "tt10338308",
        "title": "The Creative Brain",
        "popularRank": 3222,
        "certificate": "{'Singapore': 'PG13'}",
        "startYear": 2019,
        "runtime": 52,
        "type": "movie",
        "originCountry": "United States",
        "language": "English",
        "summary": "Neuroscientist David Eagleman taps into the creative process of various innovators while exploring brain-bending, risk-taking ways to spark creativity.",
        "rating": 6.3,
        "numVotes": 784,
        "genres": "['Documentary']",
        "cast": "['David Eagleman', 'Michelle Khine', 'Bjarke Ingels', 'Nathan Myhrvold', 'Phil Tippett', 'Robert Glasper', 'Michael Chabon', 'Ehren Tool', 'Zachary Lazar', 'Tim Robbins', 'Kelis', 'Nick Cave', 'Grimes', 'D.B. Weiss', 'Bobby Riley', 'Aurie Thibault']",
        "imageURL": "https://m.media-amazon.com/images/M/MV5BZTRlODk1NTAtNTU4NS00NTIwLWE4ZTYtMjRmZWU3ZTZjY2I3XkEyXkFqcGdeQXVyNzYwODI1OTU@._V1_FMjpg_UX1000_.jpg"
    },
    {
        "imdbID": "tt12189310",
        "title": "Coronavirus, Explained",
        "popularRank": 3337,
        "certificate": "{'Australia': 'M', 'Brazil': '12', 'Singapore': 'PG13', 'South Korea': '12', 'United States': 'TV-PG'}",
        "startYear": 2020,
        "endYear": 2020,
        "episodes": 3,
        "runtime": 69,
        "type": "miniSeries",
        "originCountry": "United States",
        "language": "English",
        "summary": "In 2020, the world changed. This topical series examines the coronavirus pandemic, the efforts to combat it and ways to manage its mental health toll.",
        "rating": 7.6,
        "numVotes": 1843,
        "genres": "['Documentary']",
        "cast": "['Idris Elba', 'Laura Linney', 'J.K. Simmons', 'Peter Daszak', 'Jennifer Haller', 'Ali Mattu', 'Peter Hotez', 'Shalonda', 'Henry', 'Andrew Pollard', 'Tatiana', 'T.C. Wu', 'Bill Gates', 'Roli', 'Richard Hatchett', 'Irene', 'Eric', 'Rebecca Weintraub']",
        "imageURL": "https://m.media-amazon.com/images/M/MV5BYmM2NTMyZTctODdlMi00MjhlLThiY2EtZTlhNDVjYzk1NGVhXkEyXkFqcGdeQXVyMTMxODk2OTU@._V1_FMjpg_UX1000_.jpg"
    },
    {
        "imdbID": "tt1825784",
        "title": "3 Geezers!",
        "popularRank": 3507,
        "certificate": "{'Netherlands': '12', 'United States': 'Not Rated'}",
        "startYear": 2013,
        "runtime": 81,
        "type": "movie",
        "originCountry": "United States",
        "language": "English",
        "summary": "Follow actor J Kimball as he researches what it's like to be old for a role in an upcoming movie. When he meets the residents at The Coconuts convalescent home, he quickly discovers that his perceptions of the elderly may be off from today's reality. After being on the wrong end of some pranks, J enlists the help of his Hollywood friends to turn the tides. Mayhem ensues. —Anonymous",
        "rating": 3.3,
        "numVotes": 690,
        "genres": "['Comedy']",
        "cast": "['J.K. Simmons', 'Tim Allen', 'Scott Caan', 'Basil Hoffman', 'Kevin Pollak', 'Randy Couture', 'Sam Raimi', 'Lou Beatty Jr.', 'Breckin Meyer', \"Mike O'Malley\", 'Beverly Polcyn', 'Tony Cummings', 'Pamela Dunlap', 'Fernanda Romero', 'Robin Bain', 'Kevin Dunigan', 'Ruth Williamson', 'Courtenay Taylor']",
        "imageURL": "https://m.media-amazon.com/images/M/MV5BOTgxNjIzNzcxM15BMl5BanBnXkFtZTcwNjAxMjE0OQ@@._V1_FMjpg_UX1000_.jpg"
    },
    {
        "imdbID": "tt3322904",
        "title": "Lego Marvel Super Heroes: Maximum Overload",
        "popularRank": 3546,
        "certificate": "{'Brazil': 'Livre', 'Norway': '7', 'Singapore': 'G'}",
        "startYear": 2013,
        "endYear": 2013,
        "episodes": 5,
        "runtime": 22,
        "type": "miniSeries",
        "originCountry": "United States",
        "language": "English",
        "summary": "This five episode animation special combines adventure and comedy as the mischievous Loki has challenged the Marvel Super Heroes before, but this time he's putting the \"super\" in super villain by amassing an army to conquer the Earth! \"LEGO Marvel Super Heroes: Maximum Overload\" assembles Iron Man, Thor, Iron Fist, Captain America, Nick Fury, Black Widow, Falcon, Wolverine and many more Heroes against Venom, Doc Ock, Mandarin, and the Red Skull in this ultimate battle. Experience the greatest assembly of Marvel Super Heroes and super villains ever seen as one of their most epic stories ever comes together brick by brick. And what Marvel feature would be complete without a very special Marvel guest, Stan Lee! —Marvel",
        "rating": 6.4,
        "numVotes": 1194,
        "genres": "['Action', 'Adventure', 'Animation']",
        "cast": "['Steve Blum', 'Greg Cipes', 'Tony Matthews', 'Barry Dennen', 'Bumper Robinson', 'Laura Bailey', 'Stan Lee', 'Nickie Bryar', 'Armand Mirpour', 'Troy Baker', 'Dee Bradley Baker', 'Adrian Pasdar', 'Chi McBride', 'Grey Griffin', 'Tom Kenny', 'J.K. Simmons', 'Roger Craig Smith']",
        "imageURL": "https://m.media-amazon.com/images/M/MV5BZWUzMjMxNmItNDRjYi00NGQ0LTk1NTQtYWIwMzQwNGNlYWRiXkEyXkFqcGdeQXVyNjExODE1MDc@._V1_FMjpg_UX1000_.jpg"
    },
    {
        "imdbID": "tt7924812",
        "title": "First Team: Juventus",
        "popularRank": 4276,
        "certificate": "{'Italy': 'T', 'Singapore': 'G', 'South Korea': 'All'}",
        "startYear": 2018,
        "episodes": 6,
        "runtime": 40,
        "type": "series",
        "originCountry": "United States",
        "language": "Italian",
        "summary": "Follow renowned soccer club Juventus on and off the pitch as they attempt to win a seventh straight Italian title and achieve Champions League glory.",
        "rating": 7.3,
        "numVotes": 1908,
        "genres": "['Documentary', 'Reality-TV', 'Sport']",
        "cast": "['D.B. Sweeney', 'Massimiliano Allegri', 'Andrea Barzagli', 'Mehdi Benatia', 'Federico Bernardeschi', 'Gianluigi Buffon', 'Giorgio Chiellini', 'Douglas Costa', 'Cuadrado', 'Paulo Dybala', 'Juventus F.C.', 'Gonzalo Higuaín', 'Sami Khedira', 'Stephan Lichtsteiner', 'Mario Mandzukic', 'Claudio Marchisio', 'Miralem Pjanic', 'Alex Sandro']",
        "imageURL": "https://m.media-amazon.com/images/M/MV5BMWUyYWEzNjYtOTRiYS00ZDg0LThjYWYtYTFjOTc0ODExYjQ3XkEyXkFqcGdeQXVyMTMxODk2OTU@._V1_FMjpg_UX1000_.jpg"
    },
    {
        "imdbID": "tt0108778",
        "title": "Friends",
        "popularRank": 4,
        "certificate": "{'Argentina': 'Atp', 'Australia': 'PG', 'Brazil': '12', 'Canada': 'G', 'Denmark': 'A', 'Finland': 'S', 'France': 'Tous publics', 'Germany': '6', 'Hungary': '12', 'Iceland': 'L', 'India': 'UA', 'Indonesia': '13+', 'Ireland': '12', 'Italy': 'T', 'Japan': 'R18+', 'Malaysia': '18SX', 'Mexico': 'C', 'Netherlands': '6', 'New Zealand': 'G', 'Norway': 'A', 'Philippines': 'PG-13', 'Poland': '12', 'Portugal': 'M/12', 'Russia': '12+', 'Singapore': 'NC-16', 'South Korea': '15', 'Spain': '7', 'Sweden': '7', 'Turkey': '7+', 'United Kingdom': '12', 'United States': 'TV-14'}",
        "startYear": 1994,
        "endYear": 2004,
        "episodes": 235,
        "runtime": 22,
        "type": "series",
        "originCountry": "United States",
        "language": "English",
        "summary": "Ross Geller, Rachel Green, Monica Geller, Joey Tribbiani, Chandler Bing, and Phoebe Buffay are six 20 something year olds living in New York City. Over the course of 10 years and seasons, these friends go through family, love, drama, friendship, and comedy.",
        "rating": 8.9,
        "numVotes": 861843,
        "genres": "['Comedy', 'Romance']",
        "cast": "['Jennifer Aniston', 'Courteney Cox', 'Lisa Kudrow', 'Matt LeBlanc', 'Matthew Perry', 'David Schwimmer', 'James Michael Tyler', 'Elliott Gould', 'Christina Pickles', 'Maggie Wheeler', 'Paul Rudd', 'Jane Sibbett', 'Helen Baxendale', 'Jessica Hecht', 'June Gable', 'Tom Selleck', 'Aisha Tyler', 'Giovanni Ribisi']",
        "imageURL": "https://m.media-amazon.com/images/M/MV5BNDVkYjU0MzctMWRmZi00NTkxLTgwZWEtOWVhYjZlYjllYmU4XkEyXkFqcGdeQXVyNTA4NzY1MzY@._V1_FMjpg_UX1000_.jpg"
    },
    {
        "imdbID": "tt0413573",
        "title": "Grey's Anatomy",
        "popularRank": 7,
        "certificate": "{'Argentina': '13', 'Australia': 'M', 'Brazil': '14', 'Canada': 'G', 'France': '10', 'Germany': '6', 'Hong Kong': 'IIB', 'Hungary': '16', 'India': '15+', 'Indonesia': '20+', 'Ireland': '15', 'Italy': 'BA', 'Japan': 'PG12', 'Malaysia': 'U', 'Mexico': 'B-15', 'Netherlands': '12', 'Norway': '12', 'Philippines': '18+', 'Poland': '12', 'Portugal': '12AP', 'Russia': '16+', 'Singapore': 'NC-16', 'Slovakia': '12', 'South Korea': 'Youth not allowed', 'Spain': '13', 'Sweden': '11', 'Turkey': '16+', 'United Kingdom': '15', 'United States': 'TV-MA', 'United Arab Emirates': 'PG-15'}",
        "startYear": 2005,
        "episodes": 381,
        "runtime": 41,
        "type": "series",
        "originCountry": "United States",
        "language": "English",
        "summary": "A medical based drama centered around Meredith Grey, an aspiring surgeon and daughter of one of the best surgeons, Dr. Ellis Grey. Throughout the series, Meredith goes through professional and personal challenges along with fellow surgeons at Seattle Grace Hospital.",
        "rating": 7.5,
        "numVotes": 260703,
        "genres": "['Drama', 'Romance']",
        "cast": "['Ellen Pompeo', 'Chandra Wilson', 'James Pickens Jr.', 'Justin Chambers', 'Kevin McKidd', 'Jesse Williams', 'Bokhee An', 'Patrick Dempsey', 'Sara Ramirez', 'Jessica Capshaw', 'Sandra Oh', 'Camilla Luddington', 'Sarah Drew', 'Caterina Scorsone', 'Kelly McCreary', 'Eric Dane', 'Jason George', 'Giacomo Gianniotti']",
        "imageURL": "https://m.media-amazon.com/images/M/MV5BMjgwNGNkZGYtMWQyYS00YjEzLWFmZTctODUzYWMxOWJkNTAzXkEyXkFqcGdeQXVyMTkxNjUyNQ@@._V1_FMjpg_UX1000_.jpg"
    },
    {
        "imdbID": "tt2741602",
        "title": "The Blacklist",
        "popularRank": 9,
        "certificate": "{'Argentina': '16', 'Australia': 'M', 'Brazil': '16', 'Canada': 'TV-14', 'Chile': '16+', 'France': '10', 'Germany': '12', 'India': '16+', 'Indonesia': '16+', 'Italy': 'VM12', 'Japan': 'R15+', 'Mexico': 'B-15', 'Netherlands': '16', 'New Zealand': 'R16', 'Norway': '16', 'Philippines': '16+', 'Poland': '16', 'Portugal': '12AP', 'Russia': '16+', 'Singapore': 'NC16', 'South Korea': '15', 'Spain': '16', 'Sweden': '12', 'Turkey': '16+', 'United Kingdom': '15', 'United States': 'TV-14'}",
        "startYear": 2013,
        "episodes": 175,
        "runtime": 43,
        "type": "series",
        "originCountry": "United States",
        "language": "English",
        "summary": "A highly articulate, erudite and intelligent businessman and mastermind, \"Red\" Reddington, has allegedly been on the \"10 Most Wanted List\" of various U.S. law enforcement agencies for over 20 years. The legend is that Red is as elusive as he is clever, controlling a labyrinth of creative enterprises, coupled with uncanny ability to gather and finesse information at the drop of a hat. On the first day at FBI for a new female profiler fresh out of Quantico, Red offers to bandy wits with the FBI. Red promises to deliver various criminals and plots previously unknown to any branch of law enforcement... and all Red requests in return is to choose his muse. —LA-Lawyer",
        "rating": 8.0,
        "numVotes": 207174,
        "genres": "['Crime', 'Drama', 'Mystery']",
        "cast": "['James Spader', 'Megan Boone', 'Diego Klattenhoff', 'Ryan Eggold', 'Harry Lennix', 'Hisham Tawfiq', 'Amir Arison', 'Mozhan Marnò', 'Laura Sohn', 'Susan Blommaert', 'Baz', 'Parminder Nagra', 'Teddy Coluca', 'Genson Blimline', 'Deirdre Lovejoy', 'Emily Kell', 'Jonathan Holtzman', 'Katherine Kell']",
        "imageURL": "https://m.media-amazon.com/images/M/MV5BZDA1MzE3M2EtNTE4Ni00OGE4LWE1NjctYzFhMzA2NDgxMDIxXkEyXkFqcGdeQXVyODUxOTU0OTg@._V1_FMjpg_UX1000_.jpg"
    },
    {
        "imdbID": "tt1520211",
        "title": "The Walking Dead",
        "popularRank": 12,
        "certificate": "{'Argentina': '18', 'Australia': 'R18+', 'Brazil': '18', 'Canada': '13+', 'Czechia': '15', 'Denmark': '15', 'Finland': 'K-16', 'France': '16', 'Germany': '12', 'Hong Kong': 'IIB', 'India': '18+', 'Indonesia': '20+', 'Ireland': '15', 'Italy': 'VM14', 'Japan': 'R18+', 'Mexico': 'B15', 'Netherlands': '16', 'New Zealand': 'R18', 'Norway': '15', 'Philippines': 'SPG', 'Poland': '18', 'Portugal': '16', 'Russia': '18+', 'Singapore': 'PG13', 'South Korea': '18', 'Spain': '18', 'Sweden': '15', 'Turkey': '18+', 'United Kingdom': '18', 'United States': 'TV-MA', 'Ukraine': '18'}",
        "startYear": 2010,
        "endYear": 2022,
        "episodes": 177,
        "runtime": 44,
        "type": "series",
        "originCountry": "United States",
        "language": "English",
        "summary": "Sheriff Deputy Rick Grimes gets shot and falls into a coma. When awoken he finds himself in a Zombie Apocalypse. Not knowing what to do he sets out to find his family, after he's done that, he gets connected to a group to become the leader. He takes charge and tries to help this group of people survive, find a place to live and get them food. This show is all about survival, the risks and the things you'll have to do to survive. —jzirkle1",
        "rating": 8.2,
        "numVotes": 873752,
        "genres": "['Drama', 'Horror', 'Thriller']",
        "cast": "['Andrew Lincoln', 'Norman Reedus', 'Melissa McBride', 'Lauren Cohan', 'Josh McDermitt', 'Christian Serratos', 'Danai Gurira', 'Seth Gilliam', 'Ross Marquand', 'Chandler Riggs', 'Jeffrey Dean Morgan', 'Alanna Masterson', 'Steven Yeun', 'Khary Payton', 'Cooper Andrews', 'Sonequa Martin-Green', 'Callan McAuliffe', 'Eleanor Matsuura']",
        "imageURL": "https://m.media-amazon.com/images/M/MV5BMTc5ZmM0OTQtNDY4MS00ZjMyLTgwYzgtOGY0Y2VlMWFmNDU0XkEyXkFqcGdeQXVyNDIzMzcwNjc@._V1_FMjpg_UX1000_.jpg"
    },
    {
        "imdbID": "tt0903747",
        "title": "Breaking Bad",
        "popularRank": 15,
        "certificate": "{'Argentina': '18', 'Australia': 'MA15+', 'Brazil': '14', 'Canada': '14+', 'Chile': '18', 'Colombia': '15', 'Denmark': '15', 'Finland': 'K-16', 'France': 'Tous publics', 'Germany': '16', 'Hungary': '18', 'Iceland': '16', 'India': '18', 'Indonesia': '18+', 'Ireland': '15', 'Italy': 'VM14', 'Japan': 'R18+', 'Mexico': 'C', 'Netherlands': '16', 'New Zealand': 'R18', 'Norway': '15', 'Peru': '18', 'Philippines': '18+', 'Poland': '12', 'Portugal': 'M/16', 'Russia': '18+', 'Singapore': 'NC16', 'South Africa': '16', 'South Korea': '18', 'Spain': '16', 'Sweden': '15', 'Thailand': '15', 'Turkey': '18+', 'United Kingdom': '18', 'United States': 'TV-14', 'Ukraine': '18', 'United Arab Emirates': '18+', 'Vietnam': 'C18'}",
        "startYear": 2008,
        "endYear": 2013,
        "episodes": 62,
        "runtime": 49,
        "type": "series",
        "originCountry": "United States",
        "language": "English",
        "summary": "When chemistry teacher Walter White is diagnosed with Stage III cancer and given only two years to live, he decides he has nothing to lose. He lives with his teenage son, who has cerebral palsy, and his wife, in New Mexico. Determined to ensure that his family will have a secure future, Walt embarks on a career of drugs and crime. He proves to be remarkably proficient in this new world as he begins manufacturing and selling methamphetamine with one of his former students. The series tracks the impacts of a fatal diagnosis on a regular, hard working man, and explores how a fatal diagnosis affects his morality and transforms him into a major player of the drug trade. —WellardRockard, jackenyon",
        "rating": 9.4,
        "numVotes": 1523446,
        "genres": "['Crime', 'Drama', 'Thriller']",
        "cast": "['Bryan Cranston', 'Aaron Paul', 'Anna Gunn', 'Betsy Brandt', 'RJ Mitte', 'Dean Norris', 'Bob Odenkirk', 'Steven Michael Quezada', 'Jonathan Banks', 'Giancarlo Esposito', 'Charles Baker', 'Jesse Plemons', 'Christopher Cousins', 'Laura Fraser', 'Matt Jones', 'Michael Shamus Wiles', 'Lavell Crawford', 'Ray Campbell']",
        "imageURL": "https://m.media-amazon.com/images/M/MV5BMjhiMzgxZTctNDc1Ni00OTIxLTlhMTYtZTA3ZWFkODRkNmE2XkEyXkFqcGdeQXVyNzkwMjQ5NzM@._V1_FMjpg_UX1000_.jpg"
    },
    {
        "imdbID": "tt9561862",
        "title": "Love, Death & Robots",
        "popularRank": 20,
        "certificate": "{'Argentina': '18', 'Australia': 'MA15+', 'Belgium': 'KNT/ENA', 'Brazil': '18', 'Canada': 'TV-MA', 'Finland': 'K-18', 'France': '18', 'Germany': '18', 'India': '18', 'Indonesia': '18+', 'Italy': 'VM18', 'Japan': 'R18+', 'Mexico': 'TV-MA', 'Netherlands': '16', 'Norway': '18', 'Philippines': '18+', 'Poland': '18', 'Portugal': 'M/18', 'Russia': '18+', 'Singapore': 'R21', 'South Korea': '18', 'Spain': '18', 'Sweden': '18+', 'Turkey': '18+', 'United Kingdom': '15', 'United States': 'TV-MA', 'United Arab Emirates': '18+'}",
        "startYear": 2019,
        "episodes": 26,
        "runtime": 15,
        "type": "series",
        "originCountry": "United States",
        "language": "English",
        "summary": "Love, Death + Robots is a 5-time Emmy winning animation anthology series produced by Blur Studio. Launched in March of 2019 on Netflix, Love, Death + Robots delivers a variety of style and story unlike anything else, spanning the genres of science fiction, fantasy, comedy, horror, and more. Created by Tim Miller with David Fincher as executive producer, the series brings together a global team of directors and animation studios to push and expand the medium. Eighteen shorts in all, Love, Death + Robots has something for everyone.",
        "rating": 8.5,
        "numVotes": 115604,
        "genres": "['Animation', 'Comedy', 'Fantasy']",
        "cast": "['Scott Whyte', 'Nolan North', 'Steven Pacey', \"Emily O'Brien\", 'Fred Tatasciore', 'Matthew Yang King', 'Michelle C. Bonilla', 'Chris Cox', 'Ike Amadi', 'Noshir Dalal', 'Piotr Michael', 'Michael Benyaer', 'Josh Brener', 'Elly Condron', 'Henry Douthwaite', 'Graham Hamilton', 'Aaron Himelstein', 'Stefan Kapicic']",
        "imageURL": "https://m.media-amazon.com/images/M/MV5BYjEwOWQ0MjktMjZjNy00Mzc1LWE5NTItMDQ1Yjc0Zjk0NTBlXkEyXkFqcGdeQXVyMTEyMjM2NDc2._V1_FMjpg_UX1000_.jpg"
    },
    {
        "imdbID": "tt6772524",
        "title": "Trouble",
        "popularRank": 22,
        "certificate": "{'Belgium': 'KT/EA', 'Bulgaria': 'B', 'Canada': 'TV-Y7', 'Czechia': 'U', 'Denmark': 'A', 'Finland': 'K-7', 'Hungary': '6', 'India': '7', 'Italy': 'T', 'Japan': 'G', 'Lithuania': 'V', 'Netherlands': '6', 'Norway': 'A', 'Peru': 'Apt', 'Portugal': 'M/6', 'Romania': 'A.G.', 'Russia': '6+', 'Singapore': 'PG', 'South Africa': 'PG', 'South Korea': 'All', 'Spain': 'A/i', 'Sweden': 'Btl', 'United Kingdom': 'U', 'Ukraine': 'ZA', 'Vietnam': 'P'}",
        "startYear": 2019,
        "runtime": 87,
        "type": "movie",
        "originCountry": "Canada",
        "language": "English",
        "summary": "A pampered dog named Trouble must learn to live in the real world, while trying to escape from his former owner's greedy children.",
        "rating": 5.9,
        "numVotes": 2131,
        "genres": "['Adventure', 'Animation', 'Comedy']",
        "cast": "['Big Sean', 'Pamela Adlon', 'Lucy Hale', 'Marissa Jaret Winokur', 'Wilmer Valderrama', 'Joel McHale', 'Colby Lopez', 'Damon Wayans Jr.', 'Olivia Holt', 'Carlos PenaVega', 'Harland Williams', 'Conrad Vernon', 'Dee Bradley Baker', 'Kevin Chamberlin', 'Jim Cummings', 'Manny Streetz', 'Ludo Lefebvre', 'Jason Mraz']",
        "imageURL": "https://m.media-amazon.com/images/M/MV5BYzk5NTEyZTUtNWM0ZC00ZWMzLTk2ZTMtMDRhMWJiNzJkYmJiXkEyXkFqcGdeQXVyNzQ3MTA4MDk@._V1_FMjpg_UX1000_.jpg"
    },
    {
        "imdbID": "tt4574334",
        "title": "Stranger Things",
        "popularRank": 23,
        "certificate": "{'Argentina': '16', 'Australia': 'MA15+', 'Brazil': '16', 'Canada': '13+', 'France': '16', 'Germany': '16', 'Hong Kong': 'IIB', 'India': 'U', 'Indonesia': '16+', 'Italy': 'VM14', 'Japan': 'PG12', 'Malaysia': 'P13', 'Mexico': 'TV-14', 'Netherlands': '16', 'New Zealand': 'R16', 'Nigeria': '12A', 'Norway': '16', 'Philippines': 'PG-13', 'Poland': '12', 'Portugal': '16', 'Russia': '16+', 'Saudi Arabia': 'PG12', 'Singapore': 'NC16', 'South Korea': '15', 'Spain': '13', 'Sweden': '16+', 'Turkey': '16+', 'United Kingdom': '12', 'United States': 'TV-14', 'United Arab Emirates': '18+', 'Vietnam': 'C16'}",
        "startYear": 2016,
        "episodes": 34,
        "runtime": 51,
        "type": "series",
        "originCountry": "United States",
        "language": "English",
        "summary": "In a small town where everyone knows everyone, a peculiar incident starts a chain of events that leads to the disappearance of a child, which begins to tear at the fabric of an otherwise peaceful community. Dark government agencies and seemingly malevolent supernatural forces converge on the town, while a few of the locals begin to understand that there's more going on than meets the eye. —Charles J.",
        "rating": 8.7,
        "numVotes": 862255,
        "genres": "['Drama', 'Fantasy', 'Horror']",
        "cast": "['Millie Bobby Brown', 'Finn Wolfhard', 'Winona Ryder', 'David Harbour', 'Gaten Matarazzo', 'Caleb McLaughlin', 'Natalia Dyer', 'Charlie Heaton', 'Joe Keery', 'Cara Buono', 'Noah Schnapp', 'Sadie Sink', 'Priah Ferguson', 'Joe Chrest', 'Dacre Montgomery', 'Maya Hawke', 'Brett Gelman', 'Rob Morgan']",
        "imageURL": "https://m.media-amazon.com/images/M/MV5BN2ZmYjg1YmItNWQ4OC00YWM0LWE0ZDktYThjOTZiZjhhN2Q2XkEyXkFqcGdeQXVyNjgxNTQ3Mjk@._V1_FMjpg_UX1000_.jpg"
    },
    {
        "imdbID": "tt0773262",
        "title": "Dexter",
        "popularRank": 31,
        "certificate": "{'Argentina': '16', 'Australia': 'MA15+', 'Brazil': '18', 'Canada': '13+', 'Chile': '14', 'Colombia': '18', 'Czechia': '15', 'Denmark': '15', 'Finland': 'K-16', 'France': '12', 'Germany': '18', 'Hungary': '18', 'Iceland': '16', 'India': 'A', 'Ireland': '18', 'Italy': 'VM14', 'Japan': 'R-15', 'Maldives': '18+', 'Mexico': 'C', 'Netherlands': '16', 'New Zealand': 'R16', 'Norway': '15', 'Peru': '18', 'Poland': '16', 'Portugal': '16', 'Russia': '18+', 'Singapore': 'R21', 'South Africa': '18', 'South Korea': '19', 'Spain': '18', 'Sweden': '15', 'Thailand': '20', 'Turkey': '13+', 'United Kingdom': '15', 'United States': 'TV-MA', 'Ukraine': '18', 'United Arab Emirates': '18+'}",
        "startYear": 2006,
        "endYear": 2021,
        "episodes": 106,
        "runtime": 53,
        "type": "series",
        "originCountry": "United States",
        "language": "English",
        "summary": "Dexter Morgan, Miami Metro Police Department blood spatter analyst, has a double life. When he's not helping the Homicide division solving murders, he spends his time hunting and killing bad guys that slip through the justice system. He spends his sun-drenched days solving crimes - and moonlit nights committing them. But not to worry, our Dexter doesn't kill just anyone. He reserves his homicidal hobbies to taking only the lives of other killers. —ahmetkozan",
        "rating": 8.6,
        "numVotes": 657797,
        "genres": "['Crime', 'Drama', 'Mystery']",
        "cast": "['Michael C. Hall', 'Jennifer Carpenter', 'David Zayas', 'James Remar', 'C.S. Lee', 'Luna Lauren Velez', 'Desmond Harrington', 'Julie Benz', 'Christina Robinson', 'Geoff Pierson', 'Preston Bailey', 'Aimee Garcia', 'Luke Andrew Kruntchev', 'Erik King', 'Evan George Kruntchev', 'Dana L. Wilson', 'Yvonne Strahovski', 'David Ramsey']",
        "imageURL": "https://m.media-amazon.com/images/M/MV5BMTM5MjkwMTI0MV5BMl5BanBnXkFtZTcwODQwMTc0OQ@@._V1_FMjpg_UX1000_.jpg"
    },
    {
        "imdbID": "tt1442437",
        "title": "Modern Family",
        "popularRank": 32,
        "certificate": "{'Argentina': '13', 'Australia': 'M', 'Brazil': '10', 'Canada': 'PG', 'Finland': 'K-12', 'France': 'Tous publics', 'Germany': '6', 'Greece': 'K-8', 'India': '12+', 'Indonesia': '20+', 'Ireland': 'G', 'Italy': 'T', 'Japan': 'G', 'Mexico': 'B-15', 'Netherlands': '6', 'New Zealand': 'M', 'Norway': '12', 'Philippines': '13+', 'Poland': '13', 'Portugal': '12AP', 'Russia': '16+', 'Singapore': 'R21', '(Netflix': ' series level)', 'South Africa': '7-9', 'South Korea': '15', 'Spain': '13', 'Sweden': '13+', 'Turkey': '13+', 'United Kingdom': 'U', 'United States': 'TV-PG', 'United Arab Emirates': '13+'}",
        "startYear": 2009,
        "endYear": 2020,
        "episodes": 250,
        "runtime": 22,
        "type": "series",
        "originCountry": "United States",
        "language": "English",
        "summary": "Told from the perspective of an unseen documentary filmmaker, the series offers an honest, often-hilarious perspective of family life. Parents Phil and Claire yearn for an honest, open relationship with their three kids, but a daughter who is trying to grow up too fast, another who is too smart for her own good, and a rambunctious young son make it challenging. Claire's dad Jay and his Latina wife Gloria are raising two sons together, but people sometimes believe Jay to be Gloria's father. Jay's gay son Mitchell and his partner Cameron have adopted a little Asian girl, completing one big -- straight, gay, multicultural, traditional -- happy family. —Jwelch5742",
        "rating": 8.4,
        "numVotes": 370388,
        "genres": "['Comedy', 'Drama', 'Romance']",
        "cast": "[\"Ed O'Neill\", 'Sofía Vergara', 'Julie Bowen', 'Ty Burrell', 'Jesse Tyler Ferguson', 'Eric Stonestreet', 'Rico Rodriguez', 'Nolan Gould', 'Sarah Hyland', 'Ariel Winter', 'Aubrey Anderson-Emmons', 'Jeremy Maguire', 'Reid Ewing', 'Beatrice the Dog', 'Pierce Wallace', 'Adam Devine', 'Fred Willard', 'Dana Powell']",
        "imageURL": "https://m.media-amazon.com/images/M/MV5BNzRhNWIxYTEtYjc2NS00YWFlLWFhOGEtMDZiMWM1M2RkNDkyXkEyXkFqcGdeQXVyNjc0MjkzNjc@._V1_FMjpg_UX1000_.jpg"
    },
    {
        "imdbID": "tt2560140",
        "title": "Shingeki no kyojin",
        "popularRank": 34,
        "certificate": "{'Argentina': '16', 'Australia': 'MA15+', 'Brazil': '16', 'Canada': '13+', 'China': '(Banned)', 'Colombia': '15', 'Denmark': '15', 'France': '16', 'Germany': '16', 'India': 'UA', 'Indonesia': '16+', 'Ireland': '15', 'Italy': 'VM14', 'Japan': 'R-15', 'Malaysia': 'U', 'Mexico': 'TV-MA', 'New Zealand': 'M', 'Norway': '15', 'Philippines': 'SPG', 'Portugal': 'M/16', 'Russia': '18+', 'Singapore': 'NC16', 'South Korea': '18', 'Spain': '16', 'Sweden': '15', 'United Kingdom': '15', 'United States': 'TV-MA', 'Vietnam': 'C16'}",
        "startYear": 2013,
        "endYear": 2021,
        "episodes": 86,
        "runtime": 24,
        "type": "series",
        "originCountry": "Japan",
        "language": "Japanese",
        "summary": "Humans are nearly exterminated by giant creatures called Titans. Titans are typically several stories tall, seem to have no intelligence, devour human beings and, worst of all, seem to do it for the pleasure rather than as a food source. A small percentage of humanity survived by walling themselves in a city protected by extremely high walls, even taller than the biggest of titans. Flash forward to the present and the city has not seen a titan in over 100 years. Teenage boy Eren and his foster sister Mikasa witness something horrific as the city walls are destroyed by a colossal titan that appears out of thin air. As the smaller titans flood the city, the two kids watch in horror as their mother is eaten alive. Eren vows that he will murder every single titan and take revenge for all of mankind.",
        "rating": 9.0,
        "numVotes": 233131,
        "genres": "['Action', 'Adventure', 'Animation']",
        "cast": "['Yûki Kaji', 'Marina Inoue', 'Josh Grelle', 'Yui Ishikawa', 'Bryce Papenbrook', 'Trina Nishimura', 'Kishô Taniyama', 'Hiro Shimono', 'Clifford Chapin', 'Mike McFarland', 'Romi Pak', 'Hiroshi Kamiya', 'Yû Kobayashi', 'Matthew Mercer', 'Jessica Calvello', 'Daisuke Ono', 'Yoshimasa Hosoya', 'Ashly Burch']",
        "imageURL": "https://m.media-amazon.com/images/M/MV5BMTY5ODk1NzUyMl5BMl5BanBnXkFtZTgwMjUyNzEyMTE@._V1_FMjpg_UX1000_.jpg"
    },
    {
        "imdbID": "tt0115433",
        "title": "101 Dalmatians",
        "popularRank": 39,
        "certificate": "{'Argentina': 'Atp', 'Australia': 'G', 'Brazil': 'Livre', 'Canada': 'G', 'Finland': 'S', 'France': 'Tous publics', 'Germany': '0', 'Hong Kong': 'I', 'Iceland': 'L', 'Ireland': 'G', 'Italy': 'T', 'Japan': 'G', 'Mexico': 'AA', 'Netherlands': '6', 'Norway': '7', 'Peru': 'Apt', 'Poland': '0', 'Portugal': 'M/6', 'Russia': '0+', 'Singapore': 'PG', 'South Korea': 'All', 'Spain': 'A', 'Sweden': '7', 'United Kingdom': 'U', 'United States': 'G'}",
        "startYear": 1996,
        "runtime": 103,
        "type": "movie",
        "originCountry": "United States",
        "language": "English",
        "summary": "After a wild chase in the bustling streets of London, struggling computer game author Roger (Jeff Daniels) and his male Dalmatian, Pongo - by a welcome twist of fate - are dragged into St. James Park and meet with charming fashion designer Anita (Joely Richardson) and her female Dalmatian, Perdita. Soon, one thing will lead to another, and before they know it, Roger and Anita will get married and the adorable Perdita, pregnant. However, their short-lived joy is disrupted when Anita's glamorous but horrible boss, Cruella DeVil (Glenn Close), dognaps the innocent puppies with the intention of making a luxurious coat with the dogs' fabulously spotted fur. Eventually, along with Perdita's fifteen puppies, Cruella will manage to bring the total to the staggering number of ninety-nine Dalmatians; nevertheless, are the cute little puppies as helpless as they look? —Nick Riganas",
        "rating": 5.7,
        "numVotes": 103845,
        "genres": "['Adventure', 'Comedy', 'Crime']",
        "cast": "['Glenn Close', 'Jeff Daniels', 'Joely Richardson', 'Joan Plowright', 'Hugh Laurie', 'Mark Williams', 'John Shrapnel', 'Tim McInnerny', 'Hugh Fraser', 'Zohren Weiss', 'Mark Haddigan', 'Michael Percival', 'Neville Phillips', 'John Evans', 'Hilda Braid', 'Margery Mason', 'John Benfield', 'Andrew Readman']",
        "imageURL": "https://m.media-amazon.com/images/M/MV5BMGI2NTQ2N2EtNDExMS00OWM2LTkzZWItZGUzY2M2MDFjODk0XkEyXkFqcGdeQXVyMTQxNzMzNDI@._V1_FMjpg_UX1000_.jpg"
    },
    {
        "imdbID": "tt6517102",
        "title": "Castlevania",
        "popularRank": 44,
        "certificate": "{'Australia': 'R18+', 'Brazil': '16', 'Canada': '13+', 'France': '18', 'Germany': '18', 'India': '18', 'Indonesia': '18+', 'Italy': 'VM14', 'Japan': 'R18+', 'Mexico': 'TV-MA', 'Netherlands': '12', 'New Zealand': 'R16', 'Norway': '18', 'Philippines': '18+', 'Poland': '16', 'Portugal': 'M/18', 'Singapore': 'M18', 'South Korea': '18', 'Spain': '18', 'Sweden': '18+', 'Turkey': '18+', 'United Kingdom': '18', 'United States': 'TV-MA', 'United Arab Emirates': '18+'}",
        "startYear": 2017,
        "endYear": 2021,
        "episodes": 32,
        "runtime": 23,
        "type": "series",
        "originCountry": "United States",
        "language": "English",
        "summary": "When Lisa Tepes, beloved wife of Vlad Tepes AKA Dracula is acused of witchcraft and burned at the stake by an overzealous bishop, Dracula declares war on the people of Wallachia and unleashes an army of murderous demonic creatures from hell. Luckily, Trevor Belmont, last survivor of the Belmont clan, a disgraced family known for hunting all kinds of monsters, is still in town and agrees to take the fight to the lord of vampires. —Ricky Lyon",
        "rating": 8.3,
        "numVotes": 48274,
        "genres": "['Action', 'Adventure', 'Animation']",
        "cast": "['Richard Armitage', 'James Callis', 'Alejandra Reynoso', 'Theo James', \"Adetokumboh M'Cormack\", 'Jaime Murray', 'Graham McTavish', 'Emily Swallow', 'Jessica Brown Findlay', 'Yasmine Al Massri', 'Ivana Milicevic', 'Bill Nighy', 'Gildart Jackson', 'Matt Frewer', 'Matt Lowe', 'Moira Quirk', 'Rila Fukushima', 'Jason Isaacs']",
        "imageURL": "https://m.media-amazon.com/images/M/MV5BYWUwN2UwYTktMDk4OC00YTg0LThmNTItNWE3ZjQxOTIxZTg3XkEyXkFqcGdeQXVyNTE1NjY5Mg@@._V1_FMjpg_UX1000_.jpg"
    },
    {
        "imdbID": "tt1405406",
        "title": "The Vampire Diaries",
        "popularRank": 52,
        "certificate": "{'Australia': 'MA15+', 'Brazil': '14', 'Canada': 'G', 'Denmark': '15', 'Finland': 'K-16', 'France': '10', 'Germany': '16', 'Hungary': '16', 'India': '16+', 'Ireland': '15', 'Italy': 'VM12', 'Malaysia': 'P13', 'Mexico': 'B15', 'Netherlands': '16', 'New Zealand': 'R13', 'Norway': '15', 'Philippines': 'SPG', 'Poland': '12', 'Portugal': 'M/12', 'Russia': '16+', 'Singapore': 'M18', 'South Africa': '16', 'South Korea': '18', 'Spain': '16', 'Sweden': '15', 'Thailand': '18', 'United Kingdom': '12', 'United States': 'TV-14', 'United Arab Emirates': '18+'}",
        "startYear": 2009,
        "endYear": 2017,
        "episodes": 171,
        "runtime": 43,
        "type": "series",
        "originCountry": "United States",
        "language": "English",
        "summary": "After centuries of quarreling, Stefan and Damon Salvatore return to their original town of Mystic Fall Virginia. Stefan, the selfless, brave, guilt ridden brothers meets a high school girl named Elena Gilbert who he instantly falls in love with. While Damon the gorgeous, dangerous, and selfish vampire is after his brothers girl to pay him back for making him turn into a vampire in 1864.",
        "rating": 7.7,
        "numVotes": 290055,
        "genres": "['Drama', 'Fantasy', 'Horror']",
        "cast": "['Nina Dobrev', 'Paul Wesley', 'Ian Somerhalder', 'Kat Graham', 'Candice King', 'Zach Roerig', 'Michael Trevino', 'Steven R. McQueen', 'Matthew Davis', 'Michael Malarkey', 'Joseph Morgan', 'Marguerite MacIntyre', 'Sara Canning', 'Claire Holt', 'Susan Walters', 'Daniel Gillies', \"Jodi Lyn O'Keefe\", 'Penelope Mitchell']",
        "imageURL": "https://m.media-amazon.com/images/M/MV5BMDk3YzgxNDQtNTEzOS00NDMyLWFlYmYtYTZlMDk1NDkxNmMyXkEyXkFqcGdeQXVyNzA5NjUyNjM@._V1_FMjpg_UX1000_.jpg"
    },
    {
        "imdbID": "tt7562112",
        "title": "Pose",
        "popularRank": 57,
        "certificate": "{'Argentina': '16', 'Australia': '16+', 'Brazil': '16', 'France': '12', 'Germany': '16', 'India': '18', 'Indonesia': '18+', 'Italy': 'T', 'Japan': 'R18+', 'Mexico': 'TV-MA', 'Netherlands': '12', 'Philippines': '18+', 'Poland': '12', 'Portugal': 'M/14', 'Singapore': 'R21', 'South Korea': '18', 'Spain': '16', 'Sweden': '16+', 'Turkey': '18+', 'United Kingdom': 'G', 'United States': 'TV-MA', 'United Arab Emirates': '18+'}",
        "startYear": 2018,
        "endYear": 2021,
        "episodes": 26,
        "runtime": 60,
        "type": "series",
        "originCountry": "United States",
        "language": "English",
        "summary": "Set in the 1980s, 'Pose' is a dance musical that explores the juxtaposition of several segments of life and society in New York: the ball culture world, the rise of the luxury Trump-era universe, and the downtown social and literary scene. Blanca forms a 'house', a self-selected family that provides support to LGBTQ youth who have been rejected by their birth families. Damon is a dancer who joins Blanca's house. Together, they compete in the balls -- where house members challenge each other in various categories and are judged on their outfits, attitude, or dance skills -- against Blanca's former house mother, Elektra. Pray Tell is Godfather to the children who compete in the balls. Angel is a streetwalker who develops feelings for a new client, Stan, who has a loving wife, Patty. James Van Der Beek co-stars as Stan's boss, Matt. —Jwelch5742",
        "rating": 8.6,
        "numVotes": 21754,
        "genres": "['Drama']",
        "cast": "['Mj Rodriguez', 'Dominique Jackson', 'Indya Moore', 'Angel Bismark Curiel', 'Billy Porter', 'Hailie Sahar', 'Dyllon Burnside', 'Jason A. Rodriguez', 'Ryan Jamaal Swain', 'Jeremy McClain', 'Angelica Ross', 'Sandra Bernhard', 'Alexia Garcia', 'Bianca Castro', 'Jack Mizrahi', 'Leiomy Maldonado', 'Evan Peters', 'Charlayne Woodard']",
        "imageURL": "https://m.media-amazon.com/images/M/MV5BMjQ2ZDMzNmMtZWZmZC00MTFjLWFiMTMtNzJjY2Q3ZjQ3MmI0XkEyXkFqcGdeQXVyMTEyMjM2NDc2._V1_FMjpg_UX1000_.jpg"
    }
]

