[
  {
    "imdbID": "tt4052886",
    "title": "Lucifer",
    "popularRank": 1,
    "certificate": "{'Australia': 'MA15+', 'Brazil': '16', 'Canada': '13+', 'France': '10', 'Germany': '16', 'India': '15', 'Indonesia': '16+', 'Italy': 'BA', 'Japan': 'R15+', 'Mexico': 'TV-14', 'Netherlands': '16', 'New Zealand': 'M', 'Philippines': '16+', 'Poland': '16', 'Russia': '16+', 'Singapore': 'PG13', 'South Korea': '18', 'Spain': '12', 'Sweden': '13', 'Turkey': '16+', 'United Kingdom': '15', 'United States': 'TV-14', 'United Arab Emirates': '16+', 'Vietnam': 'C16'}",
    "startYear": 2016,
    "endYear": 2021,
    "episodes": 93,
    "runtime": 42,
    "type": "series",
    "originCountry": "United States",
    "language": "English",
    "summary": "Lucifer Morningstar, bored from his sulking life in hell, comes to live in Los Angeles. While there, he helps humanity with its miseries through his experience and telepathic abilities to bring people's deepest desires and thoughts out of them. While meeting with a Detective in his nightclub (Lux), a shootout involving him and the Detective leads him to become an LAPD consultant who tries to punish people for their crimes through law and justice. —ahmetkozan",
    "rating": 8.1,
    "numVotes": 250884,
    "genres": "['Crime', 'Drama', 'Fantasy']",
    "cast": "['Tom Ellis', 'Lauren German', 'Lesley-Ann Brandt', 'Kevin Alejandro', 'D.B. Woodside', 'Rachael Harris', 'Scarlett Estevez', 'Aimee Garcia', 'Tricia Helfer', 'Tom Welling', 'Inbar Lavi', 'Kevin Rankin', 'Graham McTavish', 'Dennis Haysbert', 'Genevieve Gauss', 'John Specogna', 'Jeremiah Birkett', 'Cailan Robinson']",
    "imageURL": "https://m.media-amazon.com/images/M/MV5BNzY1YjIxOGMtOTAyZC00YTcyLWFhMzQtZTJkYTljYzU0MGRlXkEyXkFqcGdeQXVyMTAwMzM3NDI3._V1_FMjpg_UX1000_.jpg"
  },
  {
    "imdbID": "tt1520211",
    "title": "The Walking Dead",
    "popularRank": 12,
    "certificate": "{'Argentina': '18', 'Australia': 'R18+', 'Brazil': '18', 'Canada': '13+', 'Czechia': '15', 'Denmark': '15', 'Finland': 'K-16', 'France': '16', 'Germany': '12', 'Hong Kong': 'IIB', 'India': '18+', 'Indonesia': '20+', 'Ireland': '15', 'Italy': 'VM14', 'Japan': 'R18+', 'Mexico': 'B15', 'Netherlands': '16', 'New Zealand': 'R18', 'Norway': '15', 'Philippines': 'SPG', 'Poland': '18', 'Portugal': '16', 'Russia': '18+', 'Singapore': 'PG13', 'South Korea': '18', 'Spain': '18', 'Sweden': '15', 'Turkey': '18+', 'United Kingdom': '18', 'United States': 'TV-MA', 'Ukraine': '18'}",
    "startYear": 2010,
    "endYear": 2022,
    "episodes": 177,
    "runtime": 44,
    "type": "series",
    "originCountry": "United States",
    "language": "English",
    "summary": "Sheriff Deputy Rick Grimes gets shot and falls into a coma. When awoken he finds himself in a Zombie Apocalypse. Not knowing what to do he sets out to find his family, after he's done that, he gets connected to a group to become the leader. He takes charge and tries to help this group of people survive, find a place to live and get them food. This show is all about survival, the risks and the things you'll have to do to survive. —jzirkle1",
    "rating": 8.2,
    "numVotes": 873752,
    "genres": "['Drama', 'Horror', 'Thriller']",
    "cast": "['Andrew Lincoln', 'Norman Reedus', 'Melissa McBride', 'Lauren Cohan', 'Josh McDermitt', 'Christian Serratos', 'Danai Gurira', 'Seth Gilliam', 'Ross Marquand', 'Chandler Riggs', 'Jeffrey Dean Morgan', 'Alanna Masterson', 'Steven Yeun', 'Khary Payton', 'Cooper Andrews', 'Sonequa Martin-Green', 'Callan McAuliffe', 'Eleanor Matsuura']",
    "imageURL": "https://m.media-amazon.com/images/M/MV5BMTc5ZmM0OTQtNDY4MS00ZjMyLTgwYzgtOGY0Y2VlMWFmNDU0XkEyXkFqcGdeQXVyNDIzMzcwNjc@._V1_FMjpg_UX1000_.jpg"
  },
  {
    "imdbID": "tt0413573",
    "title": "Grey's Anatomy",
    "popularRank": 7,
    "certificate": "{'Argentina': '13', 'Australia': 'M', 'Brazil': '14', 'Canada': 'G', 'France': '10', 'Germany': '6', 'Hong Kong': 'IIB', 'Hungary': '16', 'India': '15+', 'Indonesia': '20+', 'Ireland': '15', 'Italy': 'BA', 'Japan': 'PG12', 'Malaysia': 'U', 'Mexico': 'B-15', 'Netherlands': '12', 'Norway': '12', 'Philippines': '18+', 'Poland': '12', 'Portugal': '12AP', 'Russia': '16+', 'Singapore': 'NC-16', 'Slovakia': '12', 'South Korea': 'Youth not allowed', 'Spain': '13', 'Sweden': '11', 'Turkey': '16+', 'United Kingdom': '15', 'United States': 'TV-MA', 'United Arab Emirates': 'PG-15'}",
    "startYear": 2005,
    "endYear": "",
    "episodes": 381,
    "runtime": 41,
    "type": "series",
    "originCountry": "United States",
    "language": "English",
    "summary": "A medical based drama centered around Meredith Grey, an aspiring surgeon and daughter of one of the best surgeons, Dr. Ellis Grey. Throughout the series, Meredith goes through professional and personal challenges along with fellow surgeons at Seattle Grace Hospital.",
    "rating": 7.5,
    "numVotes": 260703,
    "genres": "['Drama', 'Romance']",
    "cast": "['Ellen Pompeo', 'Chandra Wilson', 'James Pickens Jr.', 'Justin Chambers', 'Kevin McKidd', 'Jesse Williams', 'Bokhee An', 'Patrick Dempsey', 'Sara Ramirez', 'Jessica Capshaw', 'Sandra Oh', 'Camilla Luddington', 'Sarah Drew', 'Caterina Scorsone', 'Kelly McCreary', 'Eric Dane', 'Jason George', 'Giacomo Gianniotti']",
    "imageURL": "https://m.media-amazon.com/images/M/MV5BMjgwNGNkZGYtMWQyYS00YjEzLWFmZTctODUzYWMxOWJkNTAzXkEyXkFqcGdeQXVyMTkxNjUyNQ@@._V1_FMjpg_UX1000_.jpg"
  },
  {
    "imdbID": "tt6468322",
    "title": "La casa de papel",
    "popularRank": 26,
    "certificate": "{'Argentina': '16', 'Australia': 'MA15+', 'Brazil': '16', 'Canada': 'TV-MA', 'France': '16', 'Germany': '16', 'India': '16+', 'Indonesia': '18+', 'Italy': 'VM14', 'Japan': 'R18+', 'Mexico': 'TV-MA', 'Netherlands': '16', 'Norway': '16', 'Philippines': '18+', 'Poland': '16', 'Singapore': 'M18', 'South Korea': '18', 'Spain': '16', 'Sweden': '16+', 'Turkey': '15+', 'United Kingdom': '18', 'United States': 'TV-MA', 'United Arab Emirates': '18+', 'Vietnam': 'C18'}",
    "startYear": 2017,
    "endYear": 2021,
    "episodes": 41,
    "runtime": 70,
    "type": "series",
    "originCountry": "Spain",
    "language": "Spanish",
    "summary": "An unusual group of robbers attempt to carry out the most perfect robbery in Spanish history - stealing 2.4 billion euros from the Royal Mint of Spain.",
    "rating": 8.3,
    "numVotes": 329651,
    "genres": "['Action', 'Crime', 'Mystery']",
    "cast": "['Úrsula Corberó', 'Álvaro Morte', 'Itziar Ituño', 'Pedro Alonso', 'Miguel Herrán', 'Jaime Lorente', 'Esther Acebo', 'Enrique Arce', 'Darko Peric', 'Alba Flores', 'Fernando Soto', 'Mario de la Rosa', 'Juan Fernández', 'Rocco Narva', 'Paco Tous', 'Kiti Mánver', 'Hovik Keuchkerian', 'Rodrigo De la Serna']",
    "imageURL": "https://m.media-amazon.com/images/M/MV5BZDcxOGI0MDYtNTc5NS00NDUzLWFkOTItNDIxZjI0OTllNTljXkEyXkFqcGdeQXVyMTMxODk2OTU@._V1_FMjpg_UX1000_.jpg"
  },
  {
    "imdbID": "tt1442437",
    "title": "Modern Family",
    "popularRank": 32,
    "certificate": "{'Argentina': '13', 'Australia': 'M', 'Brazil': '10', 'Canada': 'PG', 'Finland': 'K-12', 'France': 'Tous publics', 'Germany': '6', 'Greece': 'K-8', 'India': '12+', 'Indonesia': '20+', 'Ireland': 'G', 'Italy': 'T', 'Japan': 'G', 'Mexico': 'B-15', 'Netherlands': '6', 'New Zealand': 'M', 'Norway': '12', 'Philippines': '13+', 'Poland': '13', 'Portugal': '12AP', 'Russia': '16+', 'Singapore': 'R21', '(Netflix': ' series level)', 'South Africa': '7-9', 'South Korea': '15', 'Spain': '13', 'Sweden': '13+', 'Turkey': '13+', 'United Kingdom': 'U', 'United States': 'TV-PG', 'United Arab Emirates': '13+'}",
    "startYear": 2009,
    "endYear": 2020,
    "episodes": 250,
    "runtime": 22,
    "type": "series",
    "originCountry": "United States",
    "language": "English",
    "summary": "Told from the perspective of an unseen documentary filmmaker, the series offers an honest, often-hilarious perspective of family life. Parents Phil and Claire yearn for an honest, open relationship with their three kids, but a daughter who is trying to grow up too fast, another who is too smart for her own good, and a rambunctious young son make it challenging. Claire's dad Jay and his Latina wife Gloria are raising two sons together, but people sometimes believe Jay to be Gloria's father. Jay's gay son Mitchell and his partner Cameron have adopted a little Asian girl, completing one big -- straight, gay, multicultural, traditional -- happy family. —Jwelch5742",
    "rating": 8.4,
    "numVotes": 370388,
    "genres": "['Comedy', 'Drama', 'Romance']",
    "cast": "[\"Ed O'Neill\", 'Sofía Vergara', 'Julie Bowen', 'Ty Burrell', 'Jesse Tyler Ferguson', 'Eric Stonestreet', 'Rico Rodriguez', 'Nolan Gould', 'Sarah Hyland', 'Ariel Winter', 'Aubrey Anderson-Emmons', 'Jeremy Maguire', 'Reid Ewing', 'Beatrice the Dog', 'Pierce Wallace', 'Adam Devine', 'Fred Willard', 'Dana Powell']",
    "imageURL": "https://m.media-amazon.com/images/M/MV5BNzRhNWIxYTEtYjc2NS00YWFlLWFhOGEtMDZiMWM1M2RkNDkyXkEyXkFqcGdeQXVyNjc0MjkzNjc@._V1_FMjpg_UX1000_.jpg"
  },
  {
    "imdbID": "tt5753856",
    "title": "Dark",
    "popularRank": 72,
    "certificate": "{'Argentina': '16', 'Australia': 'MA15+', 'Brazil': '16', 'Canada': 'TV-MA', 'Chile': '16+', 'France': '16', 'Germany': '16', 'Iceland': '15', 'India': '16+', 'Indonesia': '18+', 'Italy': 'VM14', 'Japan': 'R18+', 'Mexico': 'TV-MA', 'Netherlands': '16', 'Norway': '16', 'Philippines': '18+', 'Poland': '16', 'Russia': '18+', 'Singapore': 'M18', 'South Korea': '18', 'Spain': '16', 'Sweden': '16+', 'Turkey': '18+', 'United Kingdom': '15', 'United States': 'TV-MA', 'United Arab Emirates': '18+', 'Vietnam': 'C18'}",
    "startYear": 2017,
    "endYear": 2020,
    "episodes": 26,
    "runtime": 60,
    "type": "series",
    "originCountry": "Germany",
    "language": "German",
    "summary": "The first German production from the world's leading Internet TV Network is set in a German town in present day where the disappearance of two young children exposes the double lives and fractured relationships among four families. In ten hour-long episodes, the story takes on a surprising twist that ties back to the same town in 1986. —Wiedemann & Berg Television",
    "rating": 8.8,
    "numVotes": 304265,
    "genres": "['Crime', 'Drama', 'Mystery']",
    "cast": "['Louis Hofmann', 'Karoline Eichhorn', 'Lisa Vicari', 'Maja Schöne', 'Stephan Kampwirth', 'Jördis Triebel', 'Andreas Pietschmann', 'Paul Lux', 'Moritz Jahn', 'Christian Hutcherson', 'Oliver Masucci', 'Peter Benedict', 'Gina Stiebitz', 'Deborah Kaufmann', 'Daan Lennard Liebrenz', 'Julika Jenkins', 'Carlotta von Falkenhayn', 'Tamar Pelzig']",
    "imageURL": "https://m.media-amazon.com/images/M/MV5BOTk2NzUyOTctZDdlMS00MDJlLTgzNTEtNzQzYjFhNjA0YjBjXkEyXkFqcGdeQXVyMjg1NDcxNDE@._V1_FMjpg_UX1000_.jpg"
  },
  {
    "imdbID": "tt0455275",
    "title": "Prison Break",
    "popularRank": 76,
    "certificate": "{'Argentina': '13', 'Australia': 'MA15+', 'Brazil': '16', 'Canada': '13+', 'Denmark': '15', 'Finland': 'K-15', 'France': 'Tous publics', 'Germany': '16', 'Hungary': '16', 'India': 'UA', 'Indonesia': '16+', 'Ireland': '18', 'Italy': 'VM12', 'Japan': 'PG12', 'Malaysia': '18PL', 'Mexico': 'B15', 'Netherlands': '12', 'New Zealand': 'R16', 'Norway': '12', 'Philippines': '16+', 'Poland': '16', 'Russia': '16+', 'Singapore': 'PG13', 'South Africa': '13', 'South Korea': '15', 'Spain': '16', 'Sweden': '15', 'Turkey': '16+', 'United Kingdom': '15', 'United States': 'TV-14', 'United Arab Emirates': '16+'}",
    "startYear": 2005,
    "endYear": 2017,
    "episodes": 90,
    "runtime": 44,
    "type": "series",
    "originCountry": "United Kingdom",
    "language": "English",
    "summary": "An innocent man is framed for the homicide of the Vice President's brother and scheduled to be executed at a super-max penitentiary, thus it's up to his younger brother to save him with his genius scheme: install himself in the same prison by holding up a bank and, as the final month ticks away, launch the escape plan step-by-step to break the both of them out, with his full-body tattoo acting as his guide; a tattoo which hides the layout of the prison facility and necessary clues vital to the escape. —filipfilipovich@hotmail.com",
    "rating": 8.3,
    "numVotes": 487161,
    "genres": "['Action', 'Crime', 'Drama']",
    "cast": "['Dominic Purcell', 'Wentworth Miller', 'Amaury Nolasco', 'Robert Knepper', 'Sarah Wayne Callies', 'Wade Williams', 'William Fichtner', 'Paul Adelstein', 'Rockmond Dunbar', \"Jodi Lyn O'Keefe\", 'Leon Russom', 'Marshall Allman', 'Robin Tunney', 'Stacy Keach', 'Michael Rapaport', 'Peter Stormare', 'Phillip Edward Van Lear', 'Muse Watson']",
    "imageURL": "https://m.media-amazon.com/images/M/MV5BMTg3NTkwNzAxOF5BMl5BanBnXkFtZTcwMjM1NjI5MQ@@._V1_FMjpg_UX1000_.jpg"
  },
  {
    "imdbID": "tt12540060",
    "title": "Say I Do",
    "popularRank": 3415,
    "certificate": "{'Argentina': '13', 'Australia': 'PG', 'Brazil': '14', 'Canada': 'TV-14', 'France': '7', 'Germany': '6', 'India': '13', 'Italy': 'T', 'Japan': 'R18+', 'Mexico': 'TV-14', 'Philippines': '13+', 'Singapore': 'R21', 'Spain': '7', 'United Kingdom': '12', 'United States': 'TV-14'}",
    "startYear": 2020,
    "endYear": "",
    "episodes": 8,
    "runtime": "",
    "type": "series",
    "originCountry": "United States",
    "language": "English",
    "summary": "In this reality show, couples overcome obstacles to celebrate their love in surprise dream weddings designed by three experts in less than a week.",
    "rating": 7.8,
    "numVotes": 438,
    "genres": "['Reality-TV']",
    "cast": "['Jeremiah Brent', 'Thai Nguyen', 'Gabriele Bertaccini', 'Randy Caplinger', 'Skyler Caplinger', 'Jerod Muddiman']",
    "imageURL": "https://m.media-amazon.com/images/M/MV5BMWMyMjY1ZTgtZGI5OC00MTM0LWJlYjktZjdkZjY3YmM1Y2NjXkEyXkFqcGdeQXVyMTEyMjM2NDc2._V1_FMjpg_UX1000_.jpg"
  },
  {
    "imdbID": "tt11644096",
    "title": "What Did Jack Do?",
    "popularRank": 2378,
    "certificate": "{'Netherlands': '6', 'Singapore': 'NC16', 'United Kingdom': '12', 'United States': 'TV-14'}",
    "startYear": 2017,
    "endYear": "",
    "episodes": "",
    "runtime": 17,
    "type": "short",
    "originCountry": "United States",
    "language": "English",
    "summary": "Dressed up in a formal suit, evoking memories of Twin Peaks (1990)' Special Agent Dale Cooper, David Lynch's hard-boiled, chain-smoking detective probes into the personal life of inscrutable Jack Cruz: a suspect related to a hideous crime of passion. Now, against the backdrop of a gritty, black-and-white railroad station café, and a ceaseless battle of wits, the masterful interrogator presses Jack to confess to the murder of Max Clegg; however, his evasive answers prove that Jack is a hard nut to crack. But, there is an elephant in the room. So, let's dispense with the formalities and start talking turkey. What did Jack do? —Nick Riganas",
    "rating": 6.5,
    "numVotes": 11004,
    "genres": "['Comedy', 'Crime', 'Drama']",
    "cast": "['Jack Cruz', 'David Lynch', 'Toototabon', 'Emily Stofle']",
    "imageURL": "https://m.media-amazon.com/images/M/MV5BYjliMjVkODEtNTkwZS00OGFlLWE5MTQtNTdlOTZkNTM2OTVlXkEyXkFqcGdeQXVyNTE4Mzg5MDY@._V1_FMjpg_UX1000_.jpg"
  },
  {
    "imdbID": "tt13802658",
    "title": "What Would Sophia Loren Do?",
    "popularRank": 4572,
    "certificate": "{'Australia': 'MA15+', 'Brazil': '16', 'Netherlands': '12', 'Singapore': 'NC16', 'South Korea': '15', 'Spain': '12', 'United States': 'TV-14'}",
    "startYear": 2021,
    "endYear": "",
    "episodes": "",
    "runtime": 32,
    "type": "short",
    "originCountry": "United States",
    "language": "Italian",
    "summary": "An Italian-American grandmother and film buff finds strength and joy in the life of her screen idol, Sophia Loren.",
    "rating": 6.6,
    "numVotes": 538,
    "genres": "['Biography', 'Documentary', 'Short']",
    "cast": "['Nancy Kulik', 'Sophia Loren', 'Edoardo Ponti']",
    "imageURL": "https://m.media-amazon.com/images/M/MV5BNjhiYWRhZDItZGFlMi00YmQwLTk1YTUtZDllZjhhNzJlOGMxXkEyXkFqcGdeQXVyOTI2OTYyMTU@._V1_FMjpg_UX1000_.jpg"
  },
  {
    "imdbID": "tt11177308",
    "title": "Tom Papa: You're Doing Great!",
    "popularRank": 4947,
    "certificate": "{'Argentina': '13', 'Australia': 'PG', 'Singapore': 'NC16', 'South Korea': '15'}",
    "startYear": 2020,
    "endYear": "",
    "episodes": "",
    "runtime": 60,
    "type": "special",
    "originCountry": "United States",
    "language": "English",
    "summary": "Tom Papa takes on body image issues, social media, pets, Staten Island, the \"old days\" and more in a special from his home state of New Jersey.",
    "rating": 7.2,
    "numVotes": 691,
    "genres": "['Comedy']",
    "cast": "['Paul C. Morrissey', 'Tom Papa']",
    "imageURL": "https://m.media-amazon.com/images/M/MV5BOTdiMzNmOTYtNDUxNy00NjNjLWIzNDctMmI4OWFiZWY3MmJhXkEyXkFqcGdeQXVyMTMxODk2OTU@._V1_FMjpg_UX1000_.jpg"
  },
  {
    "imdbID": "tt12358794",
    "title": "George Lopez: We'll Do It for Half",
    "popularRank": 5082,
    "certificate": "{'Australia': 'MA15+', 'Brazil': '12', 'Canada': 'TV-MA', 'France': '16', 'Italy': 'VM14', 'Japan': 'R18+', 'Mexico': 'TV-MA', 'Singapore': 'NC16', 'South Korea': '18', 'Spain': '16', 'United Kingdom': '15', 'United States': 'TV-MA'}",
    "startYear": 2020,
    "endYear": "",
    "episodes": "",
    "runtime": 51,
    "type": "special",
    "originCountry": "United States",
    "language": "English",
    "summary": "Comedian George Lopez tackles the future and the past of Hispanic culture in America, touching on immigration, his tough relatives, aging and much more.",
    "rating": 5.6,
    "numVotes": 380,
    "genres": "['Comedy']",
    "cast": "['George Lopez']",
    "imageURL": "https://m.media-amazon.com/images/M/MV5BMTAyYTU2ODQtOTg0YS00ZDJiLWJlNGEtZGNjMGE1NWVhZGJjXkEyXkFqcGdeQXVyMTAwMzM3NDI3._V1_FMjpg_UX1000_.jpg"
  },
  {
    "imdbID": "tt8893608",
    "title": "Dos Cataluñas",
    "popularRank": 5016,
    "certificate": "{'Australia': 'M', 'Brazil': '12', 'Germany': '12', 'Netherlands': '16', 'Norway': '12', 'Singapore': 'NC16', 'South Korea': '15', 'Spain': '13', 'United Kingdom': '12', 'United States': 'TV-MA'}",
    "startYear": 2018,
    "endYear": "",
    "episodes": "",
    "runtime": 116,
    "type": "movie",
    "originCountry": "Spain",
    "language": "Spanish",
    "summary": "A documentary that tackles the ideological conflicts surrounding the December 21 election in the country, to the push for sovereignty and subsequent parliamentary declaration of independence and the aftermath.",
    "rating": 6.4,
    "numVotes": 635,
    "genres": "['Documentary', 'History', 'News']",
    "cast": "['Luis María Anson', 'Inés Arrimadas', 'Elsa Artadi', 'Antoni Bassas', 'Josep Borrell', 'John Carlin', 'Ada Colau', 'Mar Coll', 'Alfonso Dastis', 'Xavier Domènech', 'David Fernàndez', 'Ricardo Fernández Deu', 'Carme Forcadell', 'Carles Francino', 'Iñaki Gabilondo', 'Miquel Iceta', 'Pablo Iglesias', 'Andrea Levy']",
    "imageURL": "https://m.media-amazon.com/images/M/MV5BZGJjODM5NWEtMjc0Zi00OTRhLTkzYjYtZDk2NzI1OTkxNGMzXkEyXkFqcGdeQXVyMTA0MjU0Ng@@._V1_FMjpg_UX1000_.jpg"
  },
  {
    "imdbID": "tt12850262",
    "title": "Do Do Sol Sol La La Sol",
    "popularRank": 2250,
    "certificate": "{'Australia': 'M', 'Singapore': 'PG13', 'South Korea': '15'}",
    "startYear": 2020,
    "endYear": 2020,
    "episodes": 16,
    "runtime": 60,
    "type": "miniSeries",
    "originCountry": "South Korea",
    "language": "Korean",
    "summary": "A riches-to-rags pianist who loses everything but her smile is guided by twinkling little stars to a small town where she finds hope, home and love.",
    "rating": 7.4,
    "numVotes": 962,
    "genres": "['Comedy', 'Music', 'Romance']",
    "cast": "['Go Ara', 'Jae-Wook Lee', 'Kim Joo-Heon', 'Eun-soo Shin', 'Ji-won Ye', 'Seo Yi-Sook', 'Yoon Jong-Bin', 'Seon-hee Lee', 'Seong-yeon Park', 'Choi Kwang-Je', 'Kim Jung-Yeon', 'Soon-jae Lee', 'Seo An Lee', 'Song Min-Jae', 'Kwang-il Choi', 'Kang Hyoung-suk', 'Hee-kyung Moon', 'Tae-yu Moon']",
    "imageURL": "https://m.media-amazon.com/images/M/MV5BZTAwNTA1MTMtYzAzYy00NWQ5LWJjYTItNTYyZjEzNWZhMmVkXkEyXkFqcGdeQXVyNDU4MDQ0MjM@._V1_FMjpg_UX1000_.jpg"
  },
  {
    "imdbID": "tt13846542",
    "title": "Milosc do kwadratu",
    "popularRank": 1978,
    "certificate": "{'Argentina': '13', 'Australia': 'M', 'Brazil': '12', 'Canada': 'TV-14', 'France': '7', 'Germany': '6', 'India': '13', 'Italy': 'T', 'Japan': 'R15+', 'Mexico': 'TV-14', 'Poland': '13', 'Singapore': 'PG13', 'South Korea': '12', 'Spain': '12', 'United Kingdom': '12', 'United States': 'TV-14'}",
    "startYear": 2021,
    "endYear": "",
    "episodes": "",
    "runtime": 102,
    "type": "movie",
    "originCountry": "Poland",
    "language": "Polish",
    "summary": "A celebrity journalist and renowned womanizer starts to rethink his life choices after he falls for a mysterious model who leads a double life.",
    "rating": 5,
    "numVotes": 2366,
    "genres": "['Comedy', 'Romance']",
    "cast": "['Adrianna Chlebicka', 'Mateusz Banasiuk', 'Agnieszka Zulewska', 'Krzysztof Czeczot', 'Miroslaw Baka', 'Tomasz Karolak', 'Bartlomiej Kotschedoff', 'Jacek Knap', 'Anna Smolowik', 'Helena Mazur', 'Sebastian Stankiewicz', 'Jaroslaw Boberek', 'Ewa Kolasinska', 'Izabela Dabrowska', 'Wojciech Kalarus', 'Marek Braun', 'Grazyna Zielinska', 'Grzegorz Daukszewicz']",
    "imageURL": "https://m.media-amazon.com/images/M/MV5BOWNiMjBjM2MtODRlNy00MmY4LWFiOGUtYWRkYTA0MDgwMGJjXkEyXkFqcGdeQXVyODc0OTEyNDU@._V1_FMjpg_UX1000_.jpg"
  },
  {
    "imdbID": "tt9063902",
    "title": "Vivir dos veces",
    "popularRank": 2365,
    "certificate": "{'Australia': 'M', 'Brazil': '12', 'France': '13', 'Germany': '12', 'Italy': 'T', 'Netherlands': '9', 'Singapore': 'PG13', 'Spain': 'A', 'United States': 'TV-MA'}",
    "startYear": 2019,
    "endYear": "",
    "episodes": "",
    "runtime": 101,
    "type": "movie",
    "originCountry": "Spain",
    "language": "Spanish",
    "summary": "2018, City of Valencia (east to Spain). Emilio is a retired academic teacher, widow five years ago of his wife Carmen, who lives the days in a comfortable routine eating in the same bar and solving magic squares in the pastimes until that one day he has difficult to complete the square and confuses the streets to back home. Going to the hospital for a routine medical check, he is diagnosed with the first stage of the Alzheimer's disease, which eventually will delete all his mind and remembers. Just when he leaves the hospital Emilio meets by chance with Julia, his stranded daughter, who works as medical commercial. Noticing about the disease, Julia invites Emilio to a family lunch with his dysfunctional family composed by her husband and his son-in-law Felipe, who tries to be an Internet motivational coach after he was fired of his previous job, and his lame granddaughter Blanca, a 11 years old child as streetwiser as expert in the cell phones and social networks, to consider options when the disease is advanced, being despised by Emilio. Man of the 20th century living without TV and totally unfamiliar to Internet, a visit of Blanca to Emilio's house put him on the track of Margarita, his lost youth love which he met being child but he left go to follow his studies. The same day that Blanca discovers his father being unfaithful with another woman when she was entering in the school, Blanca catches Emilio nearly to travel driving his car to Navarra (north to Spain) for meeting Margarita, and blackmails him to go together to meet her. But in a gas station Emilio suffers a temporal memory loss forgetting about Blanca, making that the gas station attendant calls the police. Forcing Julia and Felipe to go there, Emilio tells Julia the reason of the travel. Reluctant about it after to know the feelings of him about her deceased mother and Margarita, Julia changes of idea after a bitter talking with Blanca where Julia is reported about Felipe's affair. It causes that the four move to Navarra for finding Margarita, in a travel where they not only will have the chance to connect as a family again, but to remember the true meaning of life and the things that really matter. —Chockys",
    "rating": 7.2,
    "numVotes": 5627,
    "genres": "['Comedy', 'Drama']",
    "cast": "['Oscar Martínez', 'Inma Cuesta', 'Mafalda Carbonell', 'Nacho López', 'Isabel Requena', 'Aina Clotet', 'Antonio Valero', 'María Zamora', 'Hugo Balaguer', 'Valeria Schoneveld', 'Lucas Cavataio', 'Amparo Oltra', 'Mamen García', 'Manuel Valls', 'Silvia Valero', 'Ferran Gadea', 'Jordi Aguilar', 'Jordi Tamarit']",
    "imageURL": "https://m.media-amazon.com/images/M/MV5BMzhiZDIwMDQtMWQzNy00ZWNmLWI0ZWMtODdkNWIyYjk2MjU0XkEyXkFqcGdeQXVyMTM2Mzg4MA@@._V1_FMjpg_UX1000_.jpg"
  },
  {
    "imdbID": "tt11937732",
    "title": "Madre Solo hay Dos",
    "popularRank": 2085,
    "certificate": "{'Australia': 'M', 'Brazil': '16', 'Canada': 'TV-MA', 'France': '13', 'India': '18', 'Italy': 'VM14', 'Japan': 'R15+', 'Mexico': 'TV-MA', 'Netherlands': '12', 'Philippines': '18+', 'Singapore': 'M18', 'South Korea': '18', 'Spain': '16', 'United Kingdom': '15', 'United States': 'TV-MA'}",
    "startYear": 2021,
    "endYear": "",
    "episodes": 9,
    "runtime": "",
    "type": "series",
    "originCountry": "Mexico",
    "language": "Spanish",
    "summary": "After finding out their babies were switched at birth, two women develop a plan to adjust to their new lives creating a single and very peculiar family.",
    "rating": 7.4,
    "numVotes": 1160,
    "genres": "['Comedy', 'Drama', 'Fantasy']",
    "cast": "['Liz Gallardo', 'Javier Ponce', 'Ludwika Paleta', 'Paulina Goto', 'Martín Altomaro', 'Emilio Beltrán', 'Dalexa', 'Lena Morales', 'Oka Giner', 'Elena del Río', 'Melissa Delgado', 'Christian Chávez', 'Tiago Correa', 'Ana Karina Guevara', 'Rocío Leal', 'Andrew Leland Rogers', 'Melissa Salgado', 'Vicky Araico']",
    "imageURL": "https://m.media-amazon.com/images/M/MV5BNzg1NWEwODktMGM4ZC00ZjE0LTllOWItZWZkNmRlOTcwZDhhXkEyXkFqcGdeQXVyNjEwNTM2Mzc@._V1_FMjpg_UX1000_.jpg"
  },
  {
    "imdbID": "tt10732758",
    "title": "Til Death Do Us Part",
    "popularRank": 3918,
    "certificate": "{'Argentina': '16', 'Singapore': 'NC16'}",
    "startYear": 2019,
    "endYear": 2019,
    "episodes": 7,
    "runtime": "",
    "type": "miniSeries",
    "originCountry": "Taiwan",
    "language": "Mandarin",
    "summary": "Based on the speculative short stories of MirrorFiction, this sci-fi thriller anthology plunges headlong into our deepest desires -- and darkest fears.",
    "rating": 6.5,
    "numVotes": 159,
    "genres": "['Sci-Fi', 'Thriller']",
    "cast": "['Kun-Da Wu', 'Run-yin Bai', 'Tie-Hsiang Ban', 'Teng-Hung Hsia', 'Yu-Ping Wang', 'Chen-Ling Wen', 'Xiao-Ying Bai', 'River Huang', 'Diane Lin', 'Phoebe Lin', 'Janel Tsai', 'Tsai-Ling Ying', 'Chun Hong', 'Nikki Hsieh', 'Kerr Hsu', 'Chiao-Wei Ting', 'Pei-Li Tsai', 'Winnie Shih-Ying Chang']",
    "imageURL": "https://m.media-amazon.com/images/M/MV5BYjJhNzYyZWEtOGMyYy00YzVhLTgxZjUtMjRlYmM3YzRhYTRjXkEyXkFqcGdeQXVyMjg0MTI5NzQ@._V1_FMjpg_UX1000_.jpg"
  },
  {
    "imdbID": "tt11821818",
    "title": "Um Pai no Meio do Caminho",
    "popularRank": 2696,
    "certificate": "{'Brazil': 'Livre', 'France': '7', 'India': '7', 'Italy': 'T', 'Mexico': 'TV-G', 'Singapore': 'PG', 'South Korea': 'All', 'Spain': '7', 'United States': 'TV-G'}",
    "startYear": 2021,
    "endYear": "",
    "episodes": "",
    "runtime": 103,
    "type": "movie",
    "originCountry": "Brazil",
    "language": "Portuguese",
    "summary": "While her mom is away, a teen sneaks out of the hippie commune where she lives and embarks on a life-changing adventure to discover who her father is.",
    "rating": 5.6,
    "numVotes": 1001,
    "genres": "['Comedy', 'Drama', 'Family']",
    "cast": "['Bill Rogers', 'Eduardo Moscovis', 'Maisa Silva', 'Roberto Bonfim', 'Paulo de Melo', 'Marcelo Médici', 'Laila Zaid', 'Flávia Garrafa', 'Caio Vegatti', 'Raquel Fabbri', 'Thaynara Og', 'Juliana Guimarães', 'Pedro Otonni', 'Lucas Becerra', 'Fafá de Belém', 'Thalita Rebouças', 'Karolina Albertassi', 'Rayana Diniz']",
    "imageURL": "https://m.media-amazon.com/images/M/MV5BNjE1OTczNWEtYjNmOS00YjVlLTg1NjgtOTlkZTAwODgyMDBjXkEyXkFqcGdeQXVyMTEyMjM2NDc2._V1_FMjpg_UX1000_.jpg"
  },
  {
    "imdbID": "tt6256694",
    "title": "Yeok-jeok: baek-seong-eul hom-chin do-jeok",
    "popularRank": 3903,
    "certificate": "{'Australia': 'M', 'India': '13', 'Singapore': 'PG13', 'South Korea': '15', 'United States': 'TV-14'}",
    "startYear": 2017,
    "endYear": 2017,
    "episodes": 30,
    "runtime": "",
    "type": "series",
    "originCountry": "South Korea",
    "language": "Korean",
    "summary": "Story of Hong Gil Dong, often said to be Robin Hood of Korea during Joseon Dynasty.",
    "rating": 8.2,
    "numVotes": 281,
    "genres": "['Drama']",
    "cast": "['Kim Ye-June', 'Sang-Jung Kim', 'Yoon Kyun-Sang', 'Hee-seop Sim', 'Lee Hanee', 'Ji-seok Kim', 'Chae Soo-bin', 'Seo Yi-Sook', 'Kim Jung-hyun', 'Jun Gyu Park', 'Nae-sang Ahn', 'Do-hyun Lee', 'Ro-Woon Lee', 'Eun-Seok Park', 'Lee Joon-hyuk', 'Eun-Jeong Sin', 'Geun-Su Won', 'Kim Byeong-Ok']",
    "imageURL": "https://m.media-amazon.com/images/M/MV5BODY2OTFkMmEtMTNjZC00MWY5LThhOTEtNmRhZTkzZDkyZDY5L2ltYWdlXkEyXkFqcGdeQXVyMzE4MDkyNTA@._V1_FMjpg_UX1000_.jpg"
  }
]